activity_id,truth_label,first_time,last_time,event_count,hosts,sourcetypes,techniques
BACKGROUND,background,2026-04-06T10:30:00.000000Z,2026-04-10T23:58:00.000000Z,5000,USCA-FW-01;USCA-FW-02;USCA-FW-03;USCA-PACS-01;USCA-WS-0001;USCA-WS-0002;USCA-WS-0003;USCA-WS-0004;USCA-WS-0005;USCA-WS-0006;USCA-WS-0007;USCA-WS-0008;USCA-WS-0009;USCA-WS-0010;USCA-WS-0011;USCA-WS-0012;USCA-WS-0013;USCA-WS-0014;USCA-WS-0015;USCA-WS-0016;USCA-WS-0017;USCA-WS-0018;USCA-WS-0019;USCA-WS-0020;USCA-WS-0021;USCA-WS-0022;USCA-WS-0023;USCA-WS-0024;USCA-ZEEK-01;USCP-FW-01;USCP-FW-02;USCP-FW-03;USCP-PACS-01;USCP-WS-0001;USCP-WS-0002;USCP-WS-0003;USCP-WS-0004;USCP-WS-0005;USCP-WS-0006;USCP-WS-0007;USCP-WS-0008;USCP-WS-0009;USCP-WS-0010;USCP-WS-0011;USCP-WS-0012;USCP-WS-0013;USCP-WS-0014;USCP-WS-0015;USCP-WS-0016;USCP-WS-0017;USCP-WS-0018;USCP-WS-0019;USCP-WS-0020;USCP-WS-0021;USCP-WS-0022;USCP-WS-0023;USCP-WS-0024;USCP-ZEEK-01;USHQ-FW-01;USHQ-FW-02;USHQ-FW-03;USHQ-PACS-01;USHQ-WS-0001;USHQ-WS-0002;USHQ-WS-0003;USHQ-WS-0004;USHQ-WS-0005;USHQ-WS-0006;USHQ-WS-0007;USHQ-WS-0008;USHQ-WS-0009;USHQ-WS-0010;USHQ-WS-0011;USHQ-WS-0012;USHQ-WS-0013;USHQ-WS-0014;USHQ-WS-0015;USHQ-WS-0016;USHQ-WS-0017;USHQ-WS-0018;USHQ-WS-0019;USHQ-WS-0020;USHQ-WS-0021;USHQ-WS-0022;USHQ-WS-0023;USHQ-WS-0024;USHQ-ZEEK-01;USNO-FW-01;USNO-FW-02;USNO-FW-03;USNO-PACS-01;USNO-WS-0001;USNO-WS-0002;USNO-WS-0003;USNO-WS-0004;USNO-WS-0005;USNO-WS-0006;USNO-WS-0007;USNO-WS-0008;USNO-WS-0009;USNO-WS-0010;USNO-WS-0011;USNO-WS-0012;USNO-WS-0013;USNO-WS-0014;USNO-WS-0015;USNO-WS-0016;USNO-WS-0017;USNO-WS-0018;USNO-WS-0019;USNO-WS-0020;USNO-WS-0021;USNO-WS-0022;USNO-WS-0023;USNO-WS-0024;USNO-ZEEK-01;USOH-FW-01;USOH-FW-02;USOH-FW-03;USOH-PACS-01;USOH-WS-0001;USOH-WS-0002;USOH-WS-0003;USOH-WS-0004;USOH-WS-0005;USOH-WS-0006;USOH-WS-0007;USOH-WS-0008;USOH-WS-0009;USOH-WS-0010;USOH-WS-0011;USOH-WS-0012;USOH-WS-0013;USOH-WS-0014;USOH-WS-0015;USOH-WS-0016;USOH-WS-0017;USOH-WS-0018;USOH-WS-0019;USOH-WS-0020;USOH-WS-0021;USOH-WS-0022;USOH-WS-0023;USOH-WS-0024;USOH-ZEEK-01;USTX-FW-01;USTX-FW-02;USTX-FW-03;USTX-PACS-01;USTX-WS-0001;USTX-WS-0002;USTX-WS-0003;USTX-WS-0004;USTX-WS-0005;USTX-WS-0006;USTX-WS-0007;USTX-WS-0008;USTX-WS-0009;USTX-WS-0010;USTX-WS-0011;USTX-WS-0012;USTX-WS-0013;USTX-WS-0014;USTX-WS-0015;USTX-WS-0016;USTX-WS-0017;USTX-WS-0018;USTX-WS-0019;USTX-WS-0020;USTX-WS-0021;USTX-WS-0022;USTX-WS-0023;USTX-WS-0024;USTX-ZEEK-01;USVA-FW-01;USVA-FW-02;USVA-FW-03;USVA-PACS-01;USVA-WS-0001;USVA-WS-0002;USVA-WS-0003;USVA-WS-0004;USVA-WS-0005;USVA-WS-0006;USVA-WS-0007;USVA-WS-0008;USVA-WS-0009;USVA-WS-0010;USVA-WS-0011;USVA-WS-0012;USVA-WS-0013;USVA-WS-0014;USVA-WS-0015;USVA-WS-0016;USVA-WS-0017;USVA-WS-0018;USVA-WS-0019;USVA-WS-0020;USVA-WS-0021;USVA-WS-0022;USVA-WS-0023;USVA-WS-0024;USVA-ZEEK-01,XmlWinEventLog;bro:conn:json;cisco:asa;fortigate_traffic;pacs:access;pan:traffic,
BACKGROUND-AWS,background,2026-04-06T04:06:37.348805Z,2026-04-10T23:59:00.432557Z,1375,AWS-AIPLATFORM-DEV;AWS-ATLASSIAN-PROD;AWS-ENGINEERINGDATA-PROD;AWS-GITLAB-PROD;AWS-OBSERVABILITY-PROD;AWS-WEBPLATFORM-PROD,aws:cloudtrail,
BACKGROUND-AWS-NETWORK,background,2026-04-06T04:02:26.884898Z,2026-04-10T23:59:48.295237Z,1329,AWS-AIPLATFORM-DEV;AWS-ATLASSIAN-PROD;AWS-ENGINEERINGDATA-PROD;AWS-GITLAB-PROD;AWS-OBSERVABILITY-PROD;AWS-WEBPLATFORM-PROD,aws:cloudwatchlogs:vpcflow,
BACKGROUND-DEFENDER-DETECTION,background,2026-04-06T06:40:39.670692Z,2026-04-10T23:20:46.161932Z,360,USCA-APP-02;USCA-APP-04;USCA-PAW-03;USCA-PAW-05;USCA-VDI-01;USCA-VDI-02;USCA-WS-0007;USCA-WS-0022;USCA-WS-0023;USCA-WS-0035;USCA-WS-0037;USCA-WS-0040;USCA-WS-0043;USCA-WS-0046;USCA-WS-0049;USCA-WS-0051;USCA-WS-0053;USCA-WS-0061;USCP-APP-01;USCP-APP-08;USCP-FS-04;USCP-PAW-02;USCP-WS-0004;USCP-WS-0008;USCP-WS-0013;USCP-WS-0015;USCP-WS-0016;USCP-WS-0028;USCP-WS-0029;USCP-WS-0032;USCP-WS-0043;USCP-WS-0045;USCP-WS-0048;USCP-WS-0051;USCP-WS-0055;USCP-WS-0057;USCP-WS-0058;USCP-WS-0060;USCP-WS-0062;USCP-WS-0063;USHQ-APP-01;USHQ-APP-04;USHQ-APP-07;USHQ-APP-08;USHQ-FS-03;USHQ-JUMP-01;USHQ-PAW-03;USHQ-WS-0011;USHQ-WS-0012;USHQ-WS-0013;USHQ-WS-0015;USHQ-WS-0023;USHQ-WS-0031;USHQ-WS-0032;USHQ-WS-0037;USHQ-WS-0048;USHQ-WS-0049;USHQ-WS-0052;USHQ-WS-0055;USHQ-WS-0058;USNO-APP-01;USNO-APP-02;USNO-APP-04;USNO-APP-07;USNO-APP-08;USNO-FS-01;USNO-FS-02;USNO-FS-04;USNO-JUMP-02;USNO-JUMP-03;USNO-PAW-03;USNO-VDI-01;USNO-VDI-02;USNO-WS-0002;USNO-WS-0008;USNO-WS-0012;USNO-WS-0020;USNO-WS-0023;USNO-WS-0031;USNO-WS-0032;USNO-WS-0033;USNO-WS-0034;USNO-WS-0037;USNO-WS-0038;USNO-WS-0044;USNO-WS-0049;USNO-WS-0052;USNO-WS-0055;USNO-WS-0057;USNO-WS-0058;USNO-WS-0062;USOH-APP-03;USOH-APP-05;USOH-APP-06;USOH-FS-01;USOH-FS-04;USOH-PAW-01;USOH-PAW-02;USOH-PAW-03;USOH-VDI-01;USOH-VDI-02;USOH-VDI-03;USOH-WS-0001;USOH-WS-0008;USOH-WS-0011;USOH-WS-0022;USOH-WS-0027;USOH-WS-0028;USOH-WS-0029;USOH-WS-0033;USOH-WS-0037;USOH-WS-0040;USOH-WS-0043;USOH-WS-0044;USOH-WS-0046;USOH-WS-0054;USOH-WS-0055;USTX-APP-01;USTX-APP-05;USTX-APP-06;USTX-FS-01;USTX-JUMP-03;USTX-PAW-03;USTX-VDI-02;USTX-WS-0002;USTX-WS-0007;USTX-WS-0013;USTX-WS-0015;USTX-WS-0016;USTX-WS-0019;USTX-WS-0023;USTX-WS-0026;USTX-WS-0033;USTX-WS-0039;USTX-WS-0042;USTX-WS-0043;USTX-WS-0053;USTX-WS-0057;USTX-WS-0059;USTX-WS-0060;USTX-WS-0061;USTX-WS-0062;USVA-APP-01;USVA-PAW-05;USVA-WS-0003;USVA-WS-0011;USVA-WS-0024;USVA-WS-0028;USVA-WS-0029;USVA-WS-0031;USVA-WS-0046;USVA-WS-0050;USVA-WS-0055;USVA-WS-0064,ms:defender:eventhub,
BACKGROUND-ENDPOINT-SECURITY,background,2026-04-06T04:11:49.222809Z,2026-04-10T23:54:59.113676Z,914,USCA-APP-01;USCA-APP-02;USCA-APP-03;USCA-APP-04;USCA-APP-06;USCA-APP-07;USCA-FS-01;USCA-FS-02;USCA-FS-03;USCA-JUMP-01;USCA-JUMP-02;USCA-JUMP-03;USCA-LNX-01;USCA-LNX-02;USCA-LNX-07;USCA-LNX-08;USCA-PAW-02;USCA-PAW-03;USCA-PAW-04;USCA-PAW-06;USCA-VDI-01;USCA-VDI-02;USCA-WS-0003;USCA-WS-0005;USCA-WS-0007;USCA-WS-0009;USCA-WS-0011;USCA-WS-0012;USCA-WS-0013;USCA-WS-0014;USCA-WS-0015;USCA-WS-0016;USCA-WS-0017;USCA-WS-0018;USCA-WS-0019;USCA-WS-0022;USCA-WS-0023;USCA-WS-0024;USCA-WS-0025;USCA-WS-0028;USCA-WS-0029;USCA-WS-0030;USCA-WS-0031;USCA-WS-0032;USCA-WS-0033;USCA-WS-0035;USCA-WS-0036;USCA-WS-0037;USCA-WS-0038;USCA-WS-0039;USCA-WS-0040;USCA-WS-0041;USCA-WS-0042;USCA-WS-0045;USCA-WS-0046;USCA-WS-0047;USCA-WS-0048;USCA-WS-0049;USCA-WS-0050;USCA-WS-0052;USCA-WS-0053;USCA-WS-0054;USCA-WS-0055;USCA-WS-0056;USCA-WS-0057;USCA-WS-0058;USCA-WS-0059;USCA-WS-0061;USCA-WS-0062;USCA-WS-0063;USCP-APP-01;USCP-APP-02;USCP-APP-04;USCP-APP-05;USCP-APP-06;USCP-APP-07;USCP-FS-01;USCP-FS-02;USCP-FS-03;USCP-JUMP-02;USCP-LNX-01;USCP-LNX-02;USCP-LNX-03;USCP-LNX-04;USCP-LNX-05;USCP-LNX-06;USCP-LNX-07;USCP-LNX-08;USCP-PAW-01;USCP-PAW-04;USCP-PAW-05;USCP-PAW-06;USCP-VDI-01;USCP-VDI-02;USCP-VDI-03;USCP-WS-0001;USCP-WS-0002;USCP-WS-0003;USCP-WS-0005;USCP-WS-0007;USCP-WS-0008;USCP-WS-0009;USCP-WS-0011;USCP-WS-0013;USCP-WS-0014;USCP-WS-0016;USCP-WS-0017;USCP-WS-0020;USCP-WS-0022;USCP-WS-0024;USCP-WS-0025;USCP-WS-0026;USCP-WS-0028;USCP-WS-0029;USCP-WS-0030;USCP-WS-0031;USCP-WS-0032;USCP-WS-0033;USCP-WS-0034;USCP-WS-0035;USCP-WS-0036;USCP-WS-0037;USCP-WS-0038;USCP-WS-0039;USCP-WS-0041;USCP-WS-0044;USCP-WS-0045;USCP-WS-0046;USCP-WS-0048;USCP-WS-0050;USCP-WS-0051;USCP-WS-0052;USCP-WS-0053;USCP-WS-0054;USCP-WS-0057;USCP-WS-0058;USCP-WS-0059;USCP-WS-0062;USHQ-APP-01;USHQ-APP-02;USHQ-APP-03;USHQ-APP-05;USHQ-APP-06;USHQ-APP-08;USHQ-FS-01;USHQ-FS-02;USHQ-FS-04;USHQ-JUMP-01;USHQ-LNX-01;USHQ-LNX-02;USHQ-LNX-03;USHQ-LNX-05;USHQ-LNX-06;USHQ-LNX-07;USHQ-LNX-08;USHQ-PAW-01;USHQ-PAW-02;USHQ-PAW-03;USHQ-PAW-05;USHQ-PAW-06;USHQ-VDI-02;USHQ-VDI-03;USHQ-WS-0002;USHQ-WS-0003;USHQ-WS-0004;USHQ-WS-0005;USHQ-WS-0006;USHQ-WS-0007;USHQ-WS-0008;USHQ-WS-0009;USHQ-WS-0010;USHQ-WS-0011;USHQ-WS-0012;USHQ-WS-0013;USHQ-WS-0016;USHQ-WS-0018;USHQ-WS-0019;USHQ-WS-0020;USHQ-WS-0021;USHQ-WS-0022;USHQ-WS-0023;USHQ-WS-0024;USHQ-WS-0025;USHQ-WS-0027;USHQ-WS-0028;USHQ-WS-0029;USHQ-WS-0031;USHQ-WS-0033;USHQ-WS-0034;USHQ-WS-0035;USHQ-WS-0037;USHQ-WS-0038;USHQ-WS-0042;USHQ-WS-0043;USHQ-WS-0044;USHQ-WS-0045;USHQ-WS-0046;USHQ-WS-0048;USHQ-WS-0049;USHQ-WS-0050;USHQ-WS-0051;USHQ-WS-0052;USHQ-WS-0053;USHQ-WS-0054;USHQ-WS-0055;USHQ-WS-0056;USHQ-WS-0057;USHQ-WS-0058;USHQ-WS-0059;USHQ-WS-0060;USHQ-WS-0061;USHQ-WS-0062;USHQ-WS-0063;USHQ-WS-0064;USNO-APP-01;USNO-APP-03;USNO-APP-04;USNO-APP-07;USNO-FS-01;USNO-FS-04;USNO-JUMP-01;USNO-JUMP-02;USNO-JUMP-03;USNO-LNX-02;USNO-LNX-03;USNO-LNX-04;USNO-LNX-05;USNO-LNX-07;USNO-LNX-08;USNO-PAW-02;USNO-PAW-03;USNO-PAW-04;USNO-PAW-05;USNO-PAW-06;USNO-VDI-01;USNO-VDI-02;USNO-WS-0001;USNO-WS-0002;USNO-WS-0003;USNO-WS-0004;USNO-WS-0005;USNO-WS-0009;USNO-WS-0010;USNO-WS-0011;USNO-WS-0012;USNO-WS-0013;USNO-WS-0014;USNO-WS-0015;USNO-WS-0016;USNO-WS-0017;USNO-WS-0018;USNO-WS-0019;USNO-WS-0020;USNO-WS-0021;USNO-WS-0022;USNO-WS-0024;USNO-WS-0025;USNO-WS-0029;USNO-WS-0030;USNO-WS-0031;USNO-WS-0033;USNO-WS-0035;USNO-WS-0037;USNO-WS-0039;USNO-WS-0040;USNO-WS-0041;USNO-WS-0042;USNO-WS-0043;USNO-WS-0044;USNO-WS-0045;USNO-WS-0046;USNO-WS-0049;USNO-WS-0050;USNO-WS-0051;USNO-WS-0052;USNO-WS-0054;USNO-WS-0055;USNO-WS-0056;USNO-WS-0058;USNO-WS-0060;USNO-WS-0061;USNO-WS-0062;USNO-WS-0063;USNO-WS-0064;USOH-APP-01;USOH-APP-03;USOH-APP-04;USOH-APP-05;USOH-APP-07;USOH-FS-02;USOH-JUMP-01;USOH-JUMP-03;USOH-LNX-01;USOH-LNX-04;USOH-LNX-05;USOH-LNX-06;USOH-LNX-07;USOH-PAW-01;USOH-PAW-02;USOH-PAW-03;USOH-PAW-04;USOH-PAW-05;USOH-PAW-06;USOH-VDI-01;USOH-WS-0001;USOH-WS-0002;USOH-WS-0003;USOH-WS-0004;USOH-WS-0007;USOH-WS-0008;USOH-WS-0009;USOH-WS-0010;USOH-WS-0011;USOH-WS-0012;USOH-WS-0013;USOH-WS-0014;USOH-WS-0016;USOH-WS-0017;USOH-WS-0019;USOH-WS-0020;USOH-WS-0021;USOH-WS-0022;USOH-WS-0023;USOH-WS-0025;USOH-WS-0026;USOH-WS-0027;USOH-WS-0028;USOH-WS-0029;USOH-WS-0030;USOH-WS-0032;USOH-WS-0033;USOH-WS-0034;USOH-WS-0036;USOH-WS-0037;USOH-WS-0038;USOH-WS-0039;USOH-WS-0040;USOH-WS-0041;USOH-WS-0042;USOH-WS-0044;USOH-WS-0045;USOH-WS-0046;USOH-WS-0049;USOH-WS-0050;USOH-WS-0051;USOH-WS-0052;USOH-WS-0053;USOH-WS-0055;USOH-WS-0056;USOH-WS-0057;USOH-WS-0061;USOH-WS-0063;USOH-WS-0064;USTX-APP-01;USTX-APP-03;USTX-APP-06;USTX-APP-07;USTX-FS-01;USTX-FS-02;USTX-FS-04;USTX-JUMP-01;USTX-JUMP-02;USTX-JUMP-03;USTX-LNX-04;USTX-LNX-06;USTX-LNX-07;USTX-LNX-08;USTX-PAW-01;USTX-PAW-02;USTX-PAW-03;USTX-PAW-05;USTX-PAW-06;USTX-VDI-01;USTX-WS-0001;USTX-WS-0002;USTX-WS-0003;USTX-WS-0004;USTX-WS-0005;USTX-WS-0006;USTX-WS-0007;USTX-WS-0008;USTX-WS-0009;USTX-WS-0010;USTX-WS-0012;USTX-WS-0013;USTX-WS-0015;USTX-WS-0016;USTX-WS-0017;USTX-WS-0018;USTX-WS-0019;USTX-WS-0020;USTX-WS-0021;USTX-WS-0022;USTX-WS-0024;USTX-WS-0025;USTX-WS-0027;USTX-WS-0028;USTX-WS-0029;USTX-WS-0032;USTX-WS-0034;USTX-WS-0035;USTX-WS-0036;USTX-WS-0037;USTX-WS-0038;USTX-WS-0040;USTX-WS-0041;USTX-WS-0042;USTX-WS-0043;USTX-WS-0044;USTX-WS-0045;USTX-WS-0046;USTX-WS-0047;USTX-WS-0048;USTX-WS-0049;USTX-WS-0050;USTX-WS-0051;USTX-WS-0052;USTX-WS-0053;USTX-WS-0054;USTX-WS-0055;USTX-WS-0056;USTX-WS-0058;USTX-WS-0061;USTX-WS-0062;USTX-WS-0063;USTX-WS-0064;USVA-APP-01;USVA-APP-02;USVA-APP-03;USVA-APP-04;USVA-APP-05;USVA-APP-06;USVA-APP-07;USVA-APP-08;USVA-FS-01;USVA-FS-02;USVA-FS-03;USVA-FS-04;USVA-JUMP-02;USVA-JUMP-03;USVA-LNX-01;USVA-LNX-02;USVA-LNX-06;USVA-LNX-07;USVA-LNX-08;USVA-PAW-01;USVA-PAW-02;USVA-PAW-03;USVA-PAW-04;USVA-PAW-05;USVA-PAW-06;USVA-VDI-01;USVA-VDI-02;USVA-VDI-03;USVA-WS-0003;USVA-WS-0004;USVA-WS-0005;USVA-WS-0006;USVA-WS-0007;USVA-WS-0009;USVA-WS-0011;USVA-WS-0012;USVA-WS-0013;USVA-WS-0014;USVA-WS-0016;USVA-WS-0017;USVA-WS-0018;USVA-WS-0019;USVA-WS-0020;USVA-WS-0022;USVA-WS-0023;USVA-WS-0024;USVA-WS-0026;USVA-WS-0027;USVA-WS-0028;USVA-WS-0029;USVA-WS-0031;USVA-WS-0033;USVA-WS-0034;USVA-WS-0035;USVA-WS-0036;USVA-WS-0037;USVA-WS-0038;USVA-WS-0039;USVA-WS-0040;USVA-WS-0041;USVA-WS-0044;USVA-WS-0045;USVA-WS-0046;USVA-WS-0048;USVA-WS-0049;USVA-WS-0051;USVA-WS-0052;USVA-WS-0053;USVA-WS-0054;USVA-WS-0055;USVA-WS-0056;USVA-WS-0057;USVA-WS-0058;USVA-WS-0059;USVA-WS-0060;USVA-WS-0061;USVA-WS-0063;USVA-WS-0064,ms:defender:eventhub;trellix:epo,
BACKGROUND-ENTERPRISE-APP,background,2026-04-06T10:02:57.532514Z,2026-04-10T23:59:00.691586Z,1786,AWS-GITLAB-01;SAAS-SERVICENOW;USCA-APP-02;USCA-APP-03;USCA-APP-04;USCA-APP-05;USCA-APP-07;USCA-FS-01;USCA-JUMP-01;USCA-JUMP-02;USCA-PAW-02;USCA-PAW-03;USCA-PAW-04;USCA-PAW-05;USCA-VDI-02;USCA-VDI-03;USCA-WS-0001;USCA-WS-0002;USCA-WS-0003;USCA-WS-0004;USCA-WS-0007;USCA-WS-0008;USCA-WS-0010;USCA-WS-0012;USCA-WS-0014;USCA-WS-0015;USCA-WS-0018;USCA-WS-0019;USCA-WS-0020;USCA-WS-0021;USCA-WS-0023;USCA-WS-0024;USCA-WS-0025;USCA-WS-0026;USCA-WS-0027;USCA-WS-0028;USCA-WS-0029;USCA-WS-0032;USCA-WS-0034;USCA-WS-0035;USCA-WS-0039;USCA-WS-0040;USCA-WS-0043;USCA-WS-0044;USCA-WS-0045;USCA-WS-0046;USCA-WS-0047;USCA-WS-0051;USCA-WS-0052;USCA-WS-0054;USCA-WS-0057;USCA-WS-0058;USCA-WS-0060;USCA-WS-0061;USCA-WS-0064;USCP-APP-01;USCP-APP-02;USCP-APP-04;USCP-APP-05;USCP-APP-06;USCP-APP-07;USCP-FS-02;USCP-FS-04;USCP-JUMP-02;USCP-JUMP-03;USCP-PAW-05;USCP-VDI-02;USCP-WS-0004;USCP-WS-0006;USCP-WS-0007;USCP-WS-0008;USCP-WS-0009;USCP-WS-0010;USCP-WS-0012;USCP-WS-0015;USCP-WS-0016;USCP-WS-0018;USCP-WS-0019;USCP-WS-0028;USCP-WS-0030;USCP-WS-0032;USCP-WS-0038;USCP-WS-0040;USCP-WS-0041;USCP-WS-0042;USCP-WS-0045;USCP-WS-0047;USCP-WS-0048;USCP-WS-0053;USCP-WS-0057;USCP-WS-0059;USCP-WS-0060;USCP-WS-0061;USHQ-APP-02;USHQ-APP-05;USHQ-APP-06;USHQ-APP-08;USHQ-JUMP-01;USHQ-JUMP-02;USHQ-PAW-01;USHQ-PAW-03;USHQ-PAW-06;USHQ-PRINT-01;USHQ-VDI-01;USHQ-VDI-03;USHQ-WS-0001;USHQ-WS-0002;USHQ-WS-0005;USHQ-WS-0006;USHQ-WS-0010;USHQ-WS-0012;USHQ-WS-0017;USHQ-WS-0019;USHQ-WS-0020;USHQ-WS-0021;USHQ-WS-0025;USHQ-WS-0026;USHQ-WS-0027;USHQ-WS-0028;USHQ-WS-0030;USHQ-WS-0034;USHQ-WS-0037;USHQ-WS-0039;USHQ-WS-0040;USHQ-WS-0041;USHQ-WS-0043;USHQ-WS-0045;USHQ-WS-0046;USHQ-WS-0048;USHQ-WS-0050;USHQ-WS-0051;USHQ-WS-0053;USHQ-WS-0057;USHQ-WS-0060;USHQ-WS-0064;USNO-APP-01;USNO-APP-02;USNO-APP-05;USNO-APP-08;USNO-FS-03;USNO-IVANTI-01;USNO-JUMP-01;USNO-JUMP-02;USNO-JUMP-03;USNO-MFT-01;USNO-PAW-01;USNO-PAW-03;USNO-PAW-06;USNO-TEN-01;USNO-VDI-03;USNO-WS-0002;USNO-WS-0005;USNO-WS-0006;USNO-WS-0007;USNO-WS-0012;USNO-WS-0015;USNO-WS-0016;USNO-WS-0018;USNO-WS-0019;USNO-WS-0022;USNO-WS-0023;USNO-WS-0028;USNO-WS-0029;USNO-WS-0031;USNO-WS-0032;USNO-WS-0033;USNO-WS-0034;USNO-WS-0036;USNO-WS-0038;USNO-WS-0040;USNO-WS-0042;USNO-WS-0043;USNO-WS-0044;USNO-WS-0046;USNO-WS-0048;USNO-WS-0049;USNO-WS-0054;USNO-WS-0056;USNO-WS-0057;USNO-WS-0058;USNO-WS-0059;USNO-WS-0060;USNO-WS-0061;USOH-APP-01;USOH-APP-02;USOH-APP-03;USOH-APP-06;USOH-APP-08;USOH-FS-01;USOH-FS-04;USOH-JUMP-02;USOH-JUMP-03;USOH-PAW-04;USOH-PAW-06;USOH-WS-0003;USOH-WS-0004;USOH-WS-0006;USOH-WS-0007;USOH-WS-0008;USOH-WS-0009;USOH-WS-0010;USOH-WS-0011;USOH-WS-0012;USOH-WS-0014;USOH-WS-0016;USOH-WS-0017;USOH-WS-0022;USOH-WS-0026;USOH-WS-0027;USOH-WS-0029;USOH-WS-0033;USOH-WS-0034;USOH-WS-0038;USOH-WS-0040;USOH-WS-0043;USOH-WS-0045;USOH-WS-0047;USOH-WS-0048;USOH-WS-0049;USOH-WS-0050;USOH-WS-0051;USOH-WS-0053;USOH-WS-0061;USOH-WS-0063;USTX-APP-03;USTX-APP-04;USTX-APP-06;USTX-APP-07;USTX-APP-08;USTX-FS-01;USTX-FS-03;USTX-JUMP-01;USTX-PAW-01;USTX-PAW-03;USTX-PAW-05;USTX-PAW-06;USTX-VDI-01;USTX-VDI-02;USTX-VDI-03;USTX-WS-0001;USTX-WS-0005;USTX-WS-0006;USTX-WS-0008;USTX-WS-0009;USTX-WS-0011;USTX-WS-0015;USTX-WS-0017;USTX-WS-0020;USTX-WS-0023;USTX-WS-0024;USTX-WS-0025;USTX-WS-0026;USTX-WS-0028;USTX-WS-0031;USTX-WS-0033;USTX-WS-0038;USTX-WS-0039;USTX-WS-0040;USTX-WS-0041;USTX-WS-0043;USTX-WS-0044;USTX-WS-0046;USTX-WS-0047;USTX-WS-0048;USTX-WS-0050;USTX-WS-0051;USTX-WS-0053;USTX-WS-0057;USTX-WS-0060;USTX-WS-0061;USTX-WS-0062;USVA-FS-03;USVA-FS-04;USVA-PAW-01;USVA-PAW-02;USVA-PAW-04;USVA-PAW-05;USVA-PAW-06;USVA-VDI-01;USVA-WS-0001;USVA-WS-0002;USVA-WS-0004;USVA-WS-0005;USVA-WS-0008;USVA-WS-0009;USVA-WS-0010;USVA-WS-0012;USVA-WS-0013;USVA-WS-0014;USVA-WS-0015;USVA-WS-0016;USVA-WS-0017;USVA-WS-0018;USVA-WS-0019;USVA-WS-0021;USVA-WS-0022;USVA-WS-0023;USVA-WS-0025;USVA-WS-0027;USVA-WS-0028;USVA-WS-0030;USVA-WS-0034;USVA-WS-0035;USVA-WS-0040;USVA-WS-0041;USVA-WS-0043;USVA-WS-0045;USVA-WS-0046;USVA-WS-0048;USVA-WS-0050;USVA-WS-0054;USVA-WS-0055;USVA-WS-0056;USVA-WS-0058;USVA-WS-0061;USVA-WS-0062;USVA-WS-0064,gitlab:audit;ivanti:events;mft:transfer;print:events;sccm:client;servicenow:audit;tenable:io:vuln;vdi:session;wsus:client,
BACKGROUND-FIREWALL,background,2026-04-06T04:24:41.145862Z,2026-04-10T23:59:52.979711Z,2220,USCA-FW-01;USCA-FW-02;USCA-FW-03;USCP-FW-01;USCP-FW-02;USCP-FW-03;USHQ-FW-01;USHQ-FW-02;USHQ-FW-03;USNO-FW-01;USNO-FW-02;USNO-FW-03;USOH-FW-01;USOH-FW-02;USOH-FW-03;USTX-FW-01;USTX-FW-02;USTX-FW-03;USVA-FW-01;USVA-FW-02;USVA-FW-03,cisco:asa;fortigate_traffic;pan:traffic,
BACKGROUND-LINUX,background,2026-04-06T04:00:08.093798Z,2026-04-10T23:58:38.322748Z,9857,USCA-LNX-01;USCA-LNX-02;USCA-LNX-03;USCA-LNX-04;USCA-LNX-05;USCA-LNX-06;USCA-LNX-07;USCA-LNX-08;USCP-LNX-01;USCP-LNX-02;USCP-LNX-03;USCP-LNX-04;USCP-LNX-05;USCP-LNX-06;USCP-LNX-07;USCP-LNX-08;USHQ-LNX-01;USHQ-LNX-02;USHQ-LNX-03;USHQ-LNX-04;USHQ-LNX-05;USHQ-LNX-06;USHQ-LNX-07;USHQ-LNX-08;USNO-LNX-01;USNO-LNX-02;USNO-LNX-03;USNO-LNX-04;USNO-LNX-05;USNO-LNX-06;USNO-LNX-07;USNO-LNX-08;USOH-LNX-01;USOH-LNX-02;USOH-LNX-03;USOH-LNX-04;USOH-LNX-05;USOH-LNX-06;USOH-LNX-07;USOH-LNX-08;USTX-LNX-01;USTX-LNX-02;USTX-LNX-03;USTX-LNX-04;USTX-LNX-05;USTX-LNX-06;USTX-LNX-07;USTX-LNX-08;USVA-LNX-01;USVA-LNX-02;USVA-LNX-03;USVA-LNX-04;USVA-LNX-05;USVA-LNX-06;USVA-LNX-07;USVA-LNX-08,linux_audit;syslog,
BACKGROUND-LINUX-AUTH,background,2026-04-06T04:02:20.143537Z,2026-04-10T23:56:23.390883Z,1351,USCA-LNX-01;USCA-LNX-02;USCA-LNX-03;USCA-LNX-04;USCA-LNX-05;USCA-LNX-06;USCA-LNX-07;USCA-LNX-08;USCP-LNX-01;USCP-LNX-02;USCP-LNX-03;USCP-LNX-04;USCP-LNX-05;USCP-LNX-06;USCP-LNX-07;USCP-LNX-08;USHQ-LNX-01;USHQ-LNX-02;USHQ-LNX-03;USHQ-LNX-04;USHQ-LNX-05;USHQ-LNX-06;USHQ-LNX-07;USHQ-LNX-08;USNO-LNX-01;USNO-LNX-02;USNO-LNX-03;USNO-LNX-04;USNO-LNX-05;USNO-LNX-06;USNO-LNX-07;USNO-LNX-08;USOH-LNX-01;USOH-LNX-02;USOH-LNX-03;USOH-LNX-04;USOH-LNX-05;USOH-LNX-06;USOH-LNX-07;USOH-LNX-08;USTX-LNX-01;USTX-LNX-02;USTX-LNX-03;USTX-LNX-04;USTX-LNX-05;USTX-LNX-06;USTX-LNX-07;USTX-LNX-08;USVA-LNX-01;USVA-LNX-02;USVA-LNX-03;USVA-LNX-04;USVA-LNX-05;USVA-LNX-06;USVA-LNX-07;USVA-LNX-08,linux_secure,
BACKGROUND-NETWORK,background,2026-04-06T04:02:35.558291Z,2026-04-10T23:59:31.384832Z,18734,USCA-ZEEK-01;USCP-ZEEK-01;USHQ-ZEEK-01;USNO-ZEEK-01;USOH-ZEEK-01;USTX-ZEEK-01;USVA-ZEEK-01,bro:conn:json;bro:dce_rpc:json;bro:dns:json;bro:http:json;bro:smb_files:json;bro:ssl:json,
BACKGROUND-NETWORK-MGMT,background,2026-04-06T04:25:30.718837Z,2026-04-10T23:44:26.279548Z,930,USCA-RTR-01;USCA-RTR-02;USCP-RTR-01;USCP-RTR-02;USHQ-RTR-01;USHQ-RTR-02;USNO-RADIUS-01;USNO-RTR-01;USNO-RTR-02;USNO-TACACS-01;USOH-RTR-01;USOH-RTR-02;USTX-RTR-01;USTX-RTR-02;USVA-RTR-01;USVA-RTR-02,cisco:ios;juniper;juniper:junos:firewall;radius;tacacs,
BACKGROUND-PHYSICAL,background,2026-04-06T10:31:42.256650Z,2026-04-10T23:54:45.035614Z,885,USCA-PACS-01;USCP-PACS-01;USHQ-PACS-01;USNO-PACS-01;USOH-PACS-01;USTX-PACS-01;USVA-PACS-01,pacs:access,
BACKGROUND-WINDOWS-AUTH,background,2026-04-06T10:04:50.621012Z,2026-04-10T23:59:33.291404Z,4439,USCA-APP-01;USCA-APP-02;USCA-APP-03;USCA-APP-04;USCA-APP-05;USCA-APP-06;USCA-APP-07;USCA-APP-08;USCA-FS-01;USCA-FS-02;USCA-FS-03;USCA-FS-04;USCA-JUMP-01;USCA-JUMP-02;USCA-JUMP-03;USCA-PAW-01;USCA-PAW-02;USCA-PAW-03;USCA-PAW-04;USCA-PAW-05;USCA-PAW-06;USCA-VDI-01;USCA-VDI-02;USCA-VDI-03;USCA-WS-0001;USCA-WS-0002;USCA-WS-0003;USCA-WS-0004;USCA-WS-0005;USCA-WS-0006;USCA-WS-0007;USCA-WS-0008;USCA-WS-0009;USCA-WS-0010;USCA-WS-0012;USCA-WS-0013;USCA-WS-0014;USCA-WS-0015;USCA-WS-0016;USCA-WS-0017;USCA-WS-0018;USCA-WS-0019;USCA-WS-0020;USCA-WS-0021;USCA-WS-0022;USCA-WS-0023;USCA-WS-0024;USCA-WS-0025;USCA-WS-0026;USCA-WS-0027;USCA-WS-0028;USCA-WS-0029;USCA-WS-0030;USCA-WS-0031;USCA-WS-0032;USCA-WS-0033;USCA-WS-0034;USCA-WS-0035;USCA-WS-0036;USCA-WS-0037;USCA-WS-0038;USCA-WS-0039;USCA-WS-0040;USCA-WS-0041;USCA-WS-0042;USCA-WS-0043;USCA-WS-0044;USCA-WS-0045;USCA-WS-0046;USCA-WS-0047;USCA-WS-0048;USCA-WS-0049;USCA-WS-0050;USCA-WS-0051;USCA-WS-0052;USCA-WS-0053;USCA-WS-0054;USCA-WS-0055;USCA-WS-0056;USCA-WS-0057;USCA-WS-0058;USCA-WS-0059;USCA-WS-0060;USCA-WS-0061;USCA-WS-0062;USCA-WS-0063;USCA-WS-0064;USCP-APP-01;USCP-APP-02;USCP-APP-03;USCP-APP-04;USCP-APP-05;USCP-APP-06;USCP-APP-07;USCP-APP-08;USCP-FS-01;USCP-FS-02;USCP-FS-03;USCP-FS-04;USCP-JUMP-01;USCP-JUMP-02;USCP-JUMP-03;USCP-PAW-01;USCP-PAW-02;USCP-PAW-03;USCP-PAW-04;USCP-PAW-05;USCP-PAW-06;USCP-VDI-01;USCP-VDI-02;USCP-VDI-03;USCP-WS-0001;USCP-WS-0002;USCP-WS-0003;USCP-WS-0004;USCP-WS-0005;USCP-WS-0006;USCP-WS-0007;USCP-WS-0008;USCP-WS-0009;USCP-WS-0010;USCP-WS-0011;USCP-WS-0012;USCP-WS-0013;USCP-WS-0014;USCP-WS-0015;USCP-WS-0016;USCP-WS-0017;USCP-WS-0018;USCP-WS-0019;USCP-WS-0020;USCP-WS-0021;USCP-WS-0022;USCP-WS-0023;USCP-WS-0024;USCP-WS-0025;USCP-WS-0026;USCP-WS-0027;USCP-WS-0028;USCP-WS-0029;USCP-WS-0030;USCP-WS-0031;USCP-WS-0032;USCP-WS-0033;USCP-WS-0034;USCP-WS-0035;USCP-WS-0036;USCP-WS-0037;USCP-WS-0038;USCP-WS-0039;USCP-WS-0040;USCP-WS-0041;USCP-WS-0042;USCP-WS-0043;USCP-WS-0044;USCP-WS-0045;USCP-WS-0046;USCP-WS-0047;USCP-WS-0048;USCP-WS-0049;USCP-WS-0050;USCP-WS-0051;USCP-WS-0052;USCP-WS-0053;USCP-WS-0054;USCP-WS-0055;USCP-WS-0056;USCP-WS-0057;USCP-WS-0058;USCP-WS-0059;USCP-WS-0060;USCP-WS-0061;USCP-WS-0062;USCP-WS-0063;USCP-WS-0064;USHQ-APP-01;USHQ-APP-02;USHQ-APP-03;USHQ-APP-04;USHQ-APP-05;USHQ-APP-06;USHQ-APP-07;USHQ-APP-08;USHQ-FS-01;USHQ-FS-02;USHQ-FS-03;USHQ-FS-04;USHQ-JUMP-01;USHQ-JUMP-02;USHQ-JUMP-03;USHQ-PAW-01;USHQ-PAW-02;USHQ-PAW-03;USHQ-PAW-04;USHQ-PAW-05;USHQ-PAW-06;USHQ-VDI-01;USHQ-VDI-02;USHQ-VDI-03;USHQ-WS-0001;USHQ-WS-0002;USHQ-WS-0003;USHQ-WS-0004;USHQ-WS-0005;USHQ-WS-0006;USHQ-WS-0007;USHQ-WS-0008;USHQ-WS-0009;USHQ-WS-0010;USHQ-WS-0011;USHQ-WS-0012;USHQ-WS-0013;USHQ-WS-0014;USHQ-WS-0015;USHQ-WS-0016;USHQ-WS-0017;USHQ-WS-0018;USHQ-WS-0019;USHQ-WS-0020;USHQ-WS-0021;USHQ-WS-0022;USHQ-WS-0023;USHQ-WS-0024;USHQ-WS-0025;USHQ-WS-0026;USHQ-WS-0027;USHQ-WS-0028;USHQ-WS-0029;USHQ-WS-0030;USHQ-WS-0031;USHQ-WS-0032;USHQ-WS-0033;USHQ-WS-0034;USHQ-WS-0035;USHQ-WS-0036;USHQ-WS-0037;USHQ-WS-0038;USHQ-WS-0039;USHQ-WS-0040;USHQ-WS-0041;USHQ-WS-0042;USHQ-WS-0043;USHQ-WS-0044;USHQ-WS-0045;USHQ-WS-0046;USHQ-WS-0047;USHQ-WS-0048;USHQ-WS-0049;USHQ-WS-0050;USHQ-WS-0051;USHQ-WS-0052;USHQ-WS-0053;USHQ-WS-0054;USHQ-WS-0055;USHQ-WS-0056;USHQ-WS-0057;USHQ-WS-0058;USHQ-WS-0059;USHQ-WS-0060;USHQ-WS-0061;USHQ-WS-0062;USHQ-WS-0063;USHQ-WS-0064;USNO-APP-01;USNO-APP-02;USNO-APP-03;USNO-APP-04;USNO-APP-05;USNO-APP-06;USNO-APP-07;USNO-APP-08;USNO-FS-01;USNO-FS-02;USNO-FS-03;USNO-FS-04;USNO-JUMP-01;USNO-JUMP-02;USNO-JUMP-03;USNO-PAW-01;USNO-PAW-02;USNO-PAW-03;USNO-PAW-04;USNO-PAW-05;USNO-PAW-06;USNO-VDI-01;USNO-VDI-02;USNO-VDI-03;USNO-WS-0001;USNO-WS-0002;USNO-WS-0003;USNO-WS-0004;USNO-WS-0005;USNO-WS-0006;USNO-WS-0007;USNO-WS-0008;USNO-WS-0009;USNO-WS-0010;USNO-WS-0011;USNO-WS-0012;USNO-WS-0013;USNO-WS-0014;USNO-WS-0015;USNO-WS-0016;USNO-WS-0017;USNO-WS-0018;USNO-WS-0019;USNO-WS-0020;USNO-WS-0021;USNO-WS-0022;USNO-WS-0023;USNO-WS-0024;USNO-WS-0025;USNO-WS-0026;USNO-WS-0027;USNO-WS-0028;USNO-WS-0029;USNO-WS-0030;USNO-WS-0031;USNO-WS-0032;USNO-WS-0033;USNO-WS-0034;USNO-WS-0035;USNO-WS-0036;USNO-WS-0037;USNO-WS-0038;USNO-WS-0039;USNO-WS-0040;USNO-WS-0041;USNO-WS-0042;USNO-WS-0043;USNO-WS-0044;USNO-WS-0045;USNO-WS-0046;USNO-WS-0047;USNO-WS-0048;USNO-WS-0049;USNO-WS-0050;USNO-WS-0051;USNO-WS-0052;USNO-WS-0053;USNO-WS-0054;USNO-WS-0055;USNO-WS-0056;USNO-WS-0057;USNO-WS-0058;USNO-WS-0059;USNO-WS-0060;USNO-WS-0061;USNO-WS-0062;USNO-WS-0063;USNO-WS-0064;USOH-APP-01;USOH-APP-02;USOH-APP-03;USOH-APP-04;USOH-APP-05;USOH-APP-06;USOH-APP-07;USOH-APP-08;USOH-FS-01;USOH-FS-02;USOH-FS-03;USOH-FS-04;USOH-JUMP-01;USOH-JUMP-02;USOH-JUMP-03;USOH-PAW-01;USOH-PAW-02;USOH-PAW-03;USOH-PAW-04;USOH-PAW-05;USOH-PAW-06;USOH-VDI-01;USOH-VDI-02;USOH-VDI-03;USOH-WS-0001;USOH-WS-0002;USOH-WS-0003;USOH-WS-0004;USOH-WS-0005;USOH-WS-0006;USOH-WS-0007;USOH-WS-0008;USOH-WS-0009;USOH-WS-0010;USOH-WS-0011;USOH-WS-0012;USOH-WS-0013;USOH-WS-0014;USOH-WS-0015;USOH-WS-0016;USOH-WS-0017;USOH-WS-0018;USOH-WS-0019;USOH-WS-0020;USOH-WS-0021;USOH-WS-0022;USOH-WS-0023;USOH-WS-0024;USOH-WS-0025;USOH-WS-0026;USOH-WS-0027;USOH-WS-0028;USOH-WS-0029;USOH-WS-0030;USOH-WS-0031;USOH-WS-0032;USOH-WS-0033;USOH-WS-0034;USOH-WS-0035;USOH-WS-0036;USOH-WS-0037;USOH-WS-0038;USOH-WS-0039;USOH-WS-0040;USOH-WS-0041;USOH-WS-0042;USOH-WS-0043;USOH-WS-0044;USOH-WS-0045;USOH-WS-0046;USOH-WS-0047;USOH-WS-0048;USOH-WS-0049;USOH-WS-0050;USOH-WS-0051;USOH-WS-0052;USOH-WS-0053;USOH-WS-0054;USOH-WS-0055;USOH-WS-0056;USOH-WS-0057;USOH-WS-0058;USOH-WS-0059;USOH-WS-0060;USOH-WS-0061;USOH-WS-0062;USOH-WS-0063;USOH-WS-0064;USTX-APP-01;USTX-APP-02;USTX-APP-03;USTX-APP-04;USTX-APP-05;USTX-APP-06;USTX-APP-07;USTX-APP-08;USTX-FS-01;USTX-FS-02;USTX-FS-03;USTX-FS-04;USTX-JUMP-01;USTX-JUMP-02;USTX-JUMP-03;USTX-PAW-01;USTX-PAW-02;USTX-PAW-03;USTX-PAW-04;USTX-PAW-05;USTX-PAW-06;USTX-VDI-01;USTX-VDI-02;USTX-VDI-03;USTX-WS-0001;USTX-WS-0002;USTX-WS-0003;USTX-WS-0004;USTX-WS-0005;USTX-WS-0006;USTX-WS-0007;USTX-WS-0008;USTX-WS-0009;USTX-WS-0010;USTX-WS-0011;USTX-WS-0012;USTX-WS-0013;USTX-WS-0014;USTX-WS-0015;USTX-WS-0016;USTX-WS-0017;USTX-WS-0018;USTX-WS-0019;USTX-WS-0020;USTX-WS-0021;USTX-WS-0022;USTX-WS-0023;USTX-WS-0024;USTX-WS-0025;USTX-WS-0026;USTX-WS-0027;USTX-WS-0028;USTX-WS-0029;USTX-WS-0030;USTX-WS-0031;USTX-WS-0032;USTX-WS-0033;USTX-WS-0034;USTX-WS-0035;USTX-WS-0036;USTX-WS-0037;USTX-WS-0038;USTX-WS-0039;USTX-WS-0040;USTX-WS-0041;USTX-WS-0042;USTX-WS-0043;USTX-WS-0044;USTX-WS-0045;USTX-WS-0046;USTX-WS-0047;USTX-WS-0048;USTX-WS-0049;USTX-WS-0050;USTX-WS-0051;USTX-WS-0052;USTX-WS-0053;USTX-WS-0054;USTX-WS-0055;USTX-WS-0056;USTX-WS-0057;USTX-WS-0058;USTX-WS-0059;USTX-WS-0060;USTX-WS-0061;USTX-WS-0062;USTX-WS-0063;USTX-WS-0064;USVA-APP-01;USVA-APP-02;USVA-APP-03;USVA-APP-04;USVA-APP-05;USVA-APP-06;USVA-APP-07;USVA-APP-08;USVA-FS-01;USVA-FS-02;USVA-FS-03;USVA-FS-04;USVA-JUMP-01;USVA-JUMP-02;USVA-JUMP-03;USVA-PAW-01;USVA-PAW-02;USVA-PAW-03;USVA-PAW-04;USVA-PAW-05;USVA-PAW-06;USVA-VDI-01;USVA-VDI-02;USVA-VDI-03;USVA-WS-0001;USVA-WS-0002;USVA-WS-0003;USVA-WS-0004;USVA-WS-0005;USVA-WS-0006;USVA-WS-0007;USVA-WS-0008;USVA-WS-0009;USVA-WS-0010;USVA-WS-0011;USVA-WS-0012;USVA-WS-0013;USVA-WS-0014;USVA-WS-0015;USVA-WS-0016;USVA-WS-0017;USVA-WS-0018;USVA-WS-0019;USVA-WS-0020;USVA-WS-0021;USVA-WS-0022;USVA-WS-0023;USVA-WS-0024;USVA-WS-0025;USVA-WS-0026;USVA-WS-0027;USVA-WS-0028;USVA-WS-0029;USVA-WS-0030;USVA-WS-0031;USVA-WS-0032;USVA-WS-0033;USVA-WS-0034;USVA-WS-0035;USVA-WS-0036;USVA-WS-0037;USVA-WS-0038;USVA-WS-0039;USVA-WS-0040;USVA-WS-0041;USVA-WS-0042;USVA-WS-0043;USVA-WS-0044;USVA-WS-0045;USVA-WS-0046;USVA-WS-0047;USVA-WS-0048;USVA-WS-0049;USVA-WS-0050;USVA-WS-0051;USVA-WS-0052;USVA-WS-0053;USVA-WS-0054;USVA-WS-0055;USVA-WS-0056;USVA-WS-0057;USVA-WS-0058;USVA-WS-0059;USVA-WS-0060;USVA-WS-0061;USVA-WS-0062;USVA-WS-0063;USVA-WS-0064,XmlWinEventLog,
BACKGROUND-WINDOWS-CHANGE,background,2026-04-06T10:23:11.916976Z,2026-04-10T23:58:21.400923Z,1340,USCA-DC-01;USCP-DC-01;USHQ-DC-01;USNO-DC-01;USOH-DC-01;USTX-DC-01;USVA-DC-01,XmlWinEventLog,
BACKGROUND-WINDOWS-DNS,background,2026-04-06T10:00:52.495384Z,2026-04-10T23:58:16.283930Z,1765,USCA-APP-01;USCA-APP-03;USCA-APP-05;USCA-APP-06;USCA-APP-07;USCA-APP-08;USCA-FS-02;USCA-FS-03;USCA-FS-04;USCA-JUMP-01;USCA-JUMP-02;USCA-JUMP-03;USCA-PAW-01;USCA-PAW-02;USCA-PAW-03;USCA-PAW-04;USCA-PAW-05;USCA-PAW-06;USCA-VDI-01;USCA-VDI-02;USCA-VDI-03;USCA-WS-0001;USCA-WS-0002;USCA-WS-0003;USCA-WS-0004;USCA-WS-0005;USCA-WS-0006;USCA-WS-0007;USCA-WS-0008;USCA-WS-0009;USCA-WS-0010;USCA-WS-0011;USCA-WS-0012;USCA-WS-0013;USCA-WS-0014;USCA-WS-0015;USCA-WS-0016;USCA-WS-0017;USCA-WS-0018;USCA-WS-0019;USCA-WS-0021;USCA-WS-0022;USCA-WS-0023;USCA-WS-0024;USCA-WS-0025;USCA-WS-0026;USCA-WS-0027;USCA-WS-0028;USCA-WS-0029;USCA-WS-0030;USCA-WS-0031;USCA-WS-0032;USCA-WS-0033;USCA-WS-0034;USCA-WS-0035;USCA-WS-0037;USCA-WS-0038;USCA-WS-0039;USCA-WS-0040;USCA-WS-0042;USCA-WS-0043;USCA-WS-0044;USCA-WS-0045;USCA-WS-0046;USCA-WS-0047;USCA-WS-0048;USCA-WS-0049;USCA-WS-0050;USCA-WS-0052;USCA-WS-0053;USCA-WS-0054;USCA-WS-0055;USCA-WS-0056;USCA-WS-0057;USCA-WS-0058;USCA-WS-0059;USCA-WS-0060;USCA-WS-0061;USCA-WS-0062;USCA-WS-0063;USCA-WS-0064;USCP-APP-01;USCP-APP-02;USCP-APP-03;USCP-APP-04;USCP-APP-05;USCP-APP-06;USCP-APP-07;USCP-APP-08;USCP-FS-01;USCP-FS-02;USCP-FS-03;USCP-FS-04;USCP-JUMP-01;USCP-JUMP-02;USCP-JUMP-03;USCP-PAW-01;USCP-PAW-02;USCP-PAW-03;USCP-PAW-05;USCP-PAW-06;USCP-VDI-01;USCP-VDI-02;USCP-VDI-03;USCP-WS-0001;USCP-WS-0002;USCP-WS-0003;USCP-WS-0005;USCP-WS-0006;USCP-WS-0007;USCP-WS-0008;USCP-WS-0009;USCP-WS-0010;USCP-WS-0011;USCP-WS-0012;USCP-WS-0013;USCP-WS-0014;USCP-WS-0015;USCP-WS-0016;USCP-WS-0017;USCP-WS-0018;USCP-WS-0019;USCP-WS-0020;USCP-WS-0022;USCP-WS-0023;USCP-WS-0024;USCP-WS-0025;USCP-WS-0026;USCP-WS-0027;USCP-WS-0028;USCP-WS-0029;USCP-WS-0030;USCP-WS-0031;USCP-WS-0032;USCP-WS-0033;USCP-WS-0034;USCP-WS-0035;USCP-WS-0036;USCP-WS-0037;USCP-WS-0038;USCP-WS-0039;USCP-WS-0040;USCP-WS-0042;USCP-WS-0043;USCP-WS-0044;USCP-WS-0045;USCP-WS-0046;USCP-WS-0047;USCP-WS-0048;USCP-WS-0049;USCP-WS-0050;USCP-WS-0051;USCP-WS-0052;USCP-WS-0054;USCP-WS-0055;USCP-WS-0056;USCP-WS-0057;USCP-WS-0058;USCP-WS-0059;USCP-WS-0060;USCP-WS-0061;USCP-WS-0062;USCP-WS-0063;USCP-WS-0064;USHQ-APP-01;USHQ-APP-02;USHQ-APP-03;USHQ-APP-04;USHQ-APP-05;USHQ-APP-06;USHQ-APP-07;USHQ-APP-08;USHQ-FS-01;USHQ-FS-03;USHQ-FS-04;USHQ-JUMP-01;USHQ-JUMP-02;USHQ-JUMP-03;USHQ-PAW-01;USHQ-PAW-02;USHQ-PAW-03;USHQ-PAW-04;USHQ-PAW-05;USHQ-PAW-06;USHQ-VDI-02;USHQ-VDI-03;USHQ-WS-0001;USHQ-WS-0002;USHQ-WS-0003;USHQ-WS-0004;USHQ-WS-0005;USHQ-WS-0006;USHQ-WS-0007;USHQ-WS-0008;USHQ-WS-0009;USHQ-WS-0010;USHQ-WS-0011;USHQ-WS-0012;USHQ-WS-0013;USHQ-WS-0014;USHQ-WS-0015;USHQ-WS-0016;USHQ-WS-0017;USHQ-WS-0018;USHQ-WS-0019;USHQ-WS-0020;USHQ-WS-0021;USHQ-WS-0023;USHQ-WS-0024;USHQ-WS-0025;USHQ-WS-0026;USHQ-WS-0027;USHQ-WS-0028;USHQ-WS-0029;USHQ-WS-0030;USHQ-WS-0031;USHQ-WS-0032;USHQ-WS-0033;USHQ-WS-0034;USHQ-WS-0035;USHQ-WS-0036;USHQ-WS-0037;USHQ-WS-0038;USHQ-WS-0039;USHQ-WS-0040;USHQ-WS-0041;USHQ-WS-0042;USHQ-WS-0043;USHQ-WS-0044;USHQ-WS-0045;USHQ-WS-0046;USHQ-WS-0047;USHQ-WS-0048;USHQ-WS-0049;USHQ-WS-0050;USHQ-WS-0051;USHQ-WS-0053;USHQ-WS-0054;USHQ-WS-0056;USHQ-WS-0057;USHQ-WS-0058;USHQ-WS-0059;USHQ-WS-0060;USHQ-WS-0061;USHQ-WS-0062;USHQ-WS-0063;USHQ-WS-0064;USNO-APP-01;USNO-APP-02;USNO-APP-03;USNO-APP-04;USNO-APP-05;USNO-APP-06;USNO-APP-07;USNO-APP-08;USNO-FS-01;USNO-FS-02;USNO-FS-03;USNO-FS-04;USNO-JUMP-01;USNO-JUMP-02;USNO-JUMP-03;USNO-PAW-01;USNO-PAW-02;USNO-PAW-03;USNO-PAW-04;USNO-PAW-05;USNO-PAW-06;USNO-VDI-01;USNO-VDI-02;USNO-VDI-03;USNO-WS-0001;USNO-WS-0002;USNO-WS-0003;USNO-WS-0004;USNO-WS-0005;USNO-WS-0006;USNO-WS-0007;USNO-WS-0008;USNO-WS-0009;USNO-WS-0010;USNO-WS-0011;USNO-WS-0012;USNO-WS-0014;USNO-WS-0016;USNO-WS-0017;USNO-WS-0018;USNO-WS-0020;USNO-WS-0021;USNO-WS-0022;USNO-WS-0023;USNO-WS-0024;USNO-WS-0025;USNO-WS-0026;USNO-WS-0027;USNO-WS-0028;USNO-WS-0029;USNO-WS-0031;USNO-WS-0032;USNO-WS-0033;USNO-WS-0034;USNO-WS-0035;USNO-WS-0036;USNO-WS-0037;USNO-WS-0038;USNO-WS-0039;USNO-WS-0040;USNO-WS-0041;USNO-WS-0042;USNO-WS-0043;USNO-WS-0044;USNO-WS-0045;USNO-WS-0048;USNO-WS-0049;USNO-WS-0050;USNO-WS-0051;USNO-WS-0052;USNO-WS-0053;USNO-WS-0054;USNO-WS-0055;USNO-WS-0056;USNO-WS-0058;USNO-WS-0059;USNO-WS-0060;USNO-WS-0061;USNO-WS-0062;USNO-WS-0063;USNO-WS-0064;USOH-APP-01;USOH-APP-02;USOH-APP-03;USOH-APP-04;USOH-APP-05;USOH-APP-06;USOH-APP-07;USOH-APP-08;USOH-FS-01;USOH-FS-02;USOH-FS-03;USOH-FS-04;USOH-JUMP-01;USOH-JUMP-02;USOH-JUMP-03;USOH-PAW-01;USOH-PAW-02;USOH-PAW-03;USOH-PAW-04;USOH-PAW-05;USOH-PAW-06;USOH-VDI-01;USOH-VDI-02;USOH-VDI-03;USOH-WS-0001;USOH-WS-0002;USOH-WS-0003;USOH-WS-0004;USOH-WS-0005;USOH-WS-0006;USOH-WS-0007;USOH-WS-0008;USOH-WS-0009;USOH-WS-0011;USOH-WS-0012;USOH-WS-0013;USOH-WS-0014;USOH-WS-0016;USOH-WS-0017;USOH-WS-0018;USOH-WS-0019;USOH-WS-0020;USOH-WS-0022;USOH-WS-0023;USOH-WS-0024;USOH-WS-0025;USOH-WS-0026;USOH-WS-0027;USOH-WS-0028;USOH-WS-0029;USOH-WS-0030;USOH-WS-0031;USOH-WS-0032;USOH-WS-0033;USOH-WS-0034;USOH-WS-0035;USOH-WS-0037;USOH-WS-0038;USOH-WS-0039;USOH-WS-0040;USOH-WS-0041;USOH-WS-0042;USOH-WS-0044;USOH-WS-0045;USOH-WS-0046;USOH-WS-0047;USOH-WS-0048;USOH-WS-0049;USOH-WS-0050;USOH-WS-0051;USOH-WS-0052;USOH-WS-0053;USOH-WS-0054;USOH-WS-0055;USOH-WS-0057;USOH-WS-0058;USOH-WS-0059;USOH-WS-0060;USOH-WS-0061;USOH-WS-0062;USOH-WS-0064;USTX-APP-01;USTX-APP-02;USTX-APP-03;USTX-APP-04;USTX-APP-07;USTX-APP-08;USTX-FS-01;USTX-FS-02;USTX-FS-03;USTX-FS-04;USTX-JUMP-01;USTX-JUMP-02;USTX-JUMP-03;USTX-PAW-01;USTX-PAW-02;USTX-PAW-03;USTX-PAW-04;USTX-PAW-05;USTX-PAW-06;USTX-VDI-01;USTX-VDI-02;USTX-VDI-03;USTX-WS-0002;USTX-WS-0003;USTX-WS-0005;USTX-WS-0006;USTX-WS-0007;USTX-WS-0008;USTX-WS-0009;USTX-WS-0010;USTX-WS-0011;USTX-WS-0012;USTX-WS-0013;USTX-WS-0014;USTX-WS-0015;USTX-WS-0016;USTX-WS-0017;USTX-WS-0018;USTX-WS-0019;USTX-WS-0020;USTX-WS-0021;USTX-WS-0022;USTX-WS-0023;USTX-WS-0025;USTX-WS-0026;USTX-WS-0027;USTX-WS-0028;USTX-WS-0029;USTX-WS-0030;USTX-WS-0031;USTX-WS-0032;USTX-WS-0033;USTX-WS-0034;USTX-WS-0035;USTX-WS-0036;USTX-WS-0037;USTX-WS-0038;USTX-WS-0039;USTX-WS-0040;USTX-WS-0041;USTX-WS-0042;USTX-WS-0044;USTX-WS-0045;USTX-WS-0046;USTX-WS-0047;USTX-WS-0048;USTX-WS-0049;USTX-WS-0050;USTX-WS-0051;USTX-WS-0052;USTX-WS-0053;USTX-WS-0054;USTX-WS-0055;USTX-WS-0056;USTX-WS-0057;USTX-WS-0058;USTX-WS-0059;USTX-WS-0060;USTX-WS-0061;USTX-WS-0062;USTX-WS-0063;USTX-WS-0064;USVA-APP-01;USVA-APP-02;USVA-APP-03;USVA-APP-04;USVA-APP-05;USVA-APP-07;USVA-APP-08;USVA-FS-01;USVA-FS-02;USVA-FS-03;USVA-FS-04;USVA-JUMP-01;USVA-JUMP-02;USVA-JUMP-03;USVA-PAW-01;USVA-PAW-03;USVA-PAW-04;USVA-PAW-05;USVA-PAW-06;USVA-VDI-01;USVA-VDI-02;USVA-VDI-03;USVA-WS-0002;USVA-WS-0003;USVA-WS-0004;USVA-WS-0005;USVA-WS-0006;USVA-WS-0007;USVA-WS-0008;USVA-WS-0009;USVA-WS-0010;USVA-WS-0011;USVA-WS-0012;USVA-WS-0013;USVA-WS-0014;USVA-WS-0015;USVA-WS-0016;USVA-WS-0017;USVA-WS-0018;USVA-WS-0019;USVA-WS-0020;USVA-WS-0021;USVA-WS-0022;USVA-WS-0023;USVA-WS-0024;USVA-WS-0025;USVA-WS-0026;USVA-WS-0027;USVA-WS-0028;USVA-WS-0029;USVA-WS-0030;USVA-WS-0031;USVA-WS-0032;USVA-WS-0033;USVA-WS-0034;USVA-WS-0035;USVA-WS-0036;USVA-WS-0037;USVA-WS-0038;USVA-WS-0039;USVA-WS-0040;USVA-WS-0041;USVA-WS-0042;USVA-WS-0044;USVA-WS-0045;USVA-WS-0046;USVA-WS-0048;USVA-WS-0049;USVA-WS-0050;USVA-WS-0051;USVA-WS-0052;USVA-WS-0053;USVA-WS-0054;USVA-WS-0055;USVA-WS-0056;USVA-WS-0057;USVA-WS-0058;USVA-WS-0059;USVA-WS-0060;USVA-WS-0061;USVA-WS-0062;USVA-WS-0063;USVA-WS-0064,XmlWinEventLog,
BACKGROUND-WINDOWS-PROC,background,2026-04-06T10:01:35.720900Z,2026-04-10T23:59:44.154848Z,3446,USCA-APP-01;USCA-APP-02;USCA-APP-03;USCA-APP-04;USCA-APP-05;USCA-APP-06;USCA-APP-07;USCA-APP-08;USCA-FS-01;USCA-FS-02;USCA-FS-03;USCA-FS-04;USCA-JUMP-01;USCA-JUMP-02;USCA-JUMP-03;USCA-PAW-01;USCA-PAW-02;USCA-PAW-03;USCA-PAW-04;USCA-PAW-05;USCA-PAW-06;USCA-VDI-01;USCA-VDI-02;USCA-VDI-03;USCA-WS-0001;USCA-WS-0002;USCA-WS-0003;USCA-WS-0004;USCA-WS-0005;USCA-WS-0006;USCA-WS-0007;USCA-WS-0008;USCA-WS-0009;USCA-WS-0010;USCA-WS-0011;USCA-WS-0012;USCA-WS-0013;USCA-WS-0014;USCA-WS-0015;USCA-WS-0016;USCA-WS-0017;USCA-WS-0018;USCA-WS-0019;USCA-WS-0020;USCA-WS-0021;USCA-WS-0022;USCA-WS-0023;USCA-WS-0024;USCA-WS-0025;USCA-WS-0026;USCA-WS-0027;USCA-WS-0028;USCA-WS-0029;USCA-WS-0030;USCA-WS-0031;USCA-WS-0032;USCA-WS-0033;USCA-WS-0034;USCA-WS-0035;USCA-WS-0036;USCA-WS-0037;USCA-WS-0038;USCA-WS-0039;USCA-WS-0040;USCA-WS-0041;USCA-WS-0042;USCA-WS-0043;USCA-WS-0044;USCA-WS-0045;USCA-WS-0046;USCA-WS-0047;USCA-WS-0048;USCA-WS-0049;USCA-WS-0050;USCA-WS-0051;USCA-WS-0052;USCA-WS-0053;USCA-WS-0054;USCA-WS-0055;USCA-WS-0056;USCA-WS-0057;USCA-WS-0058;USCA-WS-0059;USCA-WS-0060;USCA-WS-0061;USCA-WS-0062;USCA-WS-0063;USCA-WS-0064;USCP-APP-01;USCP-APP-02;USCP-APP-03;USCP-APP-04;USCP-APP-05;USCP-APP-06;USCP-APP-07;USCP-APP-08;USCP-FS-01;USCP-FS-02;USCP-FS-03;USCP-FS-04;USCP-JUMP-01;USCP-JUMP-02;USCP-JUMP-03;USCP-PAW-01;USCP-PAW-02;USCP-PAW-03;USCP-PAW-04;USCP-PAW-05;USCP-PAW-06;USCP-VDI-01;USCP-VDI-02;USCP-VDI-03;USCP-WS-0001;USCP-WS-0002;USCP-WS-0003;USCP-WS-0004;USCP-WS-0005;USCP-WS-0006;USCP-WS-0007;USCP-WS-0008;USCP-WS-0009;USCP-WS-0010;USCP-WS-0011;USCP-WS-0012;USCP-WS-0013;USCP-WS-0014;USCP-WS-0015;USCP-WS-0016;USCP-WS-0017;USCP-WS-0018;USCP-WS-0019;USCP-WS-0020;USCP-WS-0021;USCP-WS-0022;USCP-WS-0023;USCP-WS-0024;USCP-WS-0025;USCP-WS-0026;USCP-WS-0027;USCP-WS-0028;USCP-WS-0029;USCP-WS-0030;USCP-WS-0031;USCP-WS-0032;USCP-WS-0033;USCP-WS-0034;USCP-WS-0035;USCP-WS-0036;USCP-WS-0037;USCP-WS-0038;USCP-WS-0039;USCP-WS-0040;USCP-WS-0041;USCP-WS-0042;USCP-WS-0043;USCP-WS-0044;USCP-WS-0045;USCP-WS-0046;USCP-WS-0047;USCP-WS-0048;USCP-WS-0049;USCP-WS-0050;USCP-WS-0051;USCP-WS-0052;USCP-WS-0053;USCP-WS-0054;USCP-WS-0055;USCP-WS-0056;USCP-WS-0057;USCP-WS-0058;USCP-WS-0059;USCP-WS-0060;USCP-WS-0061;USCP-WS-0062;USCP-WS-0063;USCP-WS-0064;USHQ-APP-01;USHQ-APP-02;USHQ-APP-03;USHQ-APP-04;USHQ-APP-05;USHQ-APP-06;USHQ-APP-07;USHQ-APP-08;USHQ-FS-01;USHQ-FS-02;USHQ-FS-03;USHQ-FS-04;USHQ-JUMP-01;USHQ-JUMP-02;USHQ-JUMP-03;USHQ-PAW-01;USHQ-PAW-02;USHQ-PAW-03;USHQ-PAW-04;USHQ-PAW-05;USHQ-PAW-06;USHQ-VDI-01;USHQ-VDI-02;USHQ-VDI-03;USHQ-WS-0001;USHQ-WS-0002;USHQ-WS-0003;USHQ-WS-0004;USHQ-WS-0005;USHQ-WS-0006;USHQ-WS-0007;USHQ-WS-0008;USHQ-WS-0009;USHQ-WS-0010;USHQ-WS-0011;USHQ-WS-0012;USHQ-WS-0013;USHQ-WS-0014;USHQ-WS-0015;USHQ-WS-0016;USHQ-WS-0017;USHQ-WS-0018;USHQ-WS-0019;USHQ-WS-0020;USHQ-WS-0021;USHQ-WS-0022;USHQ-WS-0023;USHQ-WS-0024;USHQ-WS-0025;USHQ-WS-0026;USHQ-WS-0027;USHQ-WS-0028;USHQ-WS-0029;USHQ-WS-0030;USHQ-WS-0031;USHQ-WS-0032;USHQ-WS-0033;USHQ-WS-0034;USHQ-WS-0035;USHQ-WS-0036;USHQ-WS-0037;USHQ-WS-0038;USHQ-WS-0039;USHQ-WS-0040;USHQ-WS-0041;USHQ-WS-0042;USHQ-WS-0043;USHQ-WS-0044;USHQ-WS-0045;USHQ-WS-0046;USHQ-WS-0047;USHQ-WS-0049;USHQ-WS-0050;USHQ-WS-0051;USHQ-WS-0052;USHQ-WS-0053;USHQ-WS-0054;USHQ-WS-0055;USHQ-WS-0056;USHQ-WS-0057;USHQ-WS-0058;USHQ-WS-0059;USHQ-WS-0060;USHQ-WS-0061;USHQ-WS-0062;USHQ-WS-0063;USHQ-WS-0064;USNO-APP-01;USNO-APP-02;USNO-APP-03;USNO-APP-04;USNO-APP-05;USNO-APP-06;USNO-APP-07;USNO-APP-08;USNO-FS-01;USNO-FS-02;USNO-FS-03;USNO-FS-04;USNO-JUMP-01;USNO-JUMP-02;USNO-JUMP-03;USNO-PAW-01;USNO-PAW-02;USNO-PAW-03;USNO-PAW-04;USNO-PAW-05;USNO-PAW-06;USNO-VDI-01;USNO-VDI-02;USNO-VDI-03;USNO-WS-0001;USNO-WS-0002;USNO-WS-0003;USNO-WS-0004;USNO-WS-0005;USNO-WS-0006;USNO-WS-0007;USNO-WS-0008;USNO-WS-0009;USNO-WS-0010;USNO-WS-0011;USNO-WS-0012;USNO-WS-0013;USNO-WS-0014;USNO-WS-0015;USNO-WS-0016;USNO-WS-0017;USNO-WS-0018;USNO-WS-0019;USNO-WS-0020;USNO-WS-0021;USNO-WS-0022;USNO-WS-0023;USNO-WS-0024;USNO-WS-0025;USNO-WS-0026;USNO-WS-0027;USNO-WS-0028;USNO-WS-0029;USNO-WS-0030;USNO-WS-0031;USNO-WS-0032;USNO-WS-0033;USNO-WS-0034;USNO-WS-0035;USNO-WS-0036;USNO-WS-0037;USNO-WS-0038;USNO-WS-0039;USNO-WS-0040;USNO-WS-0041;USNO-WS-0042;USNO-WS-0043;USNO-WS-0044;USNO-WS-0045;USNO-WS-0046;USNO-WS-0047;USNO-WS-0048;USNO-WS-0049;USNO-WS-0050;USNO-WS-0051;USNO-WS-0052;USNO-WS-0053;USNO-WS-0054;USNO-WS-0055;USNO-WS-0056;USNO-WS-0057;USNO-WS-0058;USNO-WS-0059;USNO-WS-0060;USNO-WS-0061;USNO-WS-0062;USNO-WS-0063;USNO-WS-0064;USOH-APP-01;USOH-APP-02;USOH-APP-03;USOH-APP-04;USOH-APP-05;USOH-APP-06;USOH-APP-07;USOH-APP-08;USOH-FS-01;USOH-FS-02;USOH-FS-03;USOH-FS-04;USOH-JUMP-01;USOH-JUMP-02;USOH-JUMP-03;USOH-PAW-01;USOH-PAW-02;USOH-PAW-03;USOH-PAW-04;USOH-PAW-05;USOH-PAW-06;USOH-VDI-01;USOH-VDI-02;USOH-VDI-03;USOH-WS-0001;USOH-WS-0002;USOH-WS-0003;USOH-WS-0004;USOH-WS-0005;USOH-WS-0006;USOH-WS-0007;USOH-WS-0008;USOH-WS-0009;USOH-WS-0010;USOH-WS-0011;USOH-WS-0012;USOH-WS-0013;USOH-WS-0014;USOH-WS-0015;USOH-WS-0016;USOH-WS-0017;USOH-WS-0018;USOH-WS-0019;USOH-WS-0020;USOH-WS-0021;USOH-WS-0022;USOH-WS-0023;USOH-WS-0024;USOH-WS-0025;USOH-WS-0026;USOH-WS-0027;USOH-WS-0028;USOH-WS-0029;USOH-WS-0030;USOH-WS-0031;USOH-WS-0032;USOH-WS-0033;USOH-WS-0034;USOH-WS-0035;USOH-WS-0036;USOH-WS-0037;USOH-WS-0038;USOH-WS-0039;USOH-WS-0040;USOH-WS-0041;USOH-WS-0042;USOH-WS-0043;USOH-WS-0044;USOH-WS-0045;USOH-WS-0046;USOH-WS-0047;USOH-WS-0048;USOH-WS-0049;USOH-WS-0050;USOH-WS-0051;USOH-WS-0052;USOH-WS-0053;USOH-WS-0054;USOH-WS-0055;USOH-WS-0056;USOH-WS-0057;USOH-WS-0058;USOH-WS-0059;USOH-WS-0060;USOH-WS-0061;USOH-WS-0062;USOH-WS-0063;USOH-WS-0064;USTX-APP-01;USTX-APP-02;USTX-APP-03;USTX-APP-04;USTX-APP-05;USTX-APP-06;USTX-APP-07;USTX-APP-08;USTX-FS-01;USTX-FS-02;USTX-FS-03;USTX-FS-04;USTX-JUMP-01;USTX-JUMP-02;USTX-JUMP-03;USTX-PAW-01;USTX-PAW-02;USTX-PAW-03;USTX-PAW-04;USTX-PAW-05;USTX-PAW-06;USTX-VDI-01;USTX-VDI-02;USTX-VDI-03;USTX-WS-0001;USTX-WS-0002;USTX-WS-0003;USTX-WS-0004;USTX-WS-0005;USTX-WS-0006;USTX-WS-0007;USTX-WS-0008;USTX-WS-0009;USTX-WS-0010;USTX-WS-0011;USTX-WS-0012;USTX-WS-0013;USTX-WS-0014;USTX-WS-0015;USTX-WS-0016;USTX-WS-0017;USTX-WS-0018;USTX-WS-0019;USTX-WS-0020;USTX-WS-0021;USTX-WS-0022;USTX-WS-0023;USTX-WS-0024;USTX-WS-0025;USTX-WS-0026;USTX-WS-0027;USTX-WS-0028;USTX-WS-0029;USTX-WS-0030;USTX-WS-0031;USTX-WS-0032;USTX-WS-0033;USTX-WS-0034;USTX-WS-0035;USTX-WS-0036;USTX-WS-0037;USTX-WS-0038;USTX-WS-0039;USTX-WS-0040;USTX-WS-0041;USTX-WS-0042;USTX-WS-0043;USTX-WS-0044;USTX-WS-0045;USTX-WS-0046;USTX-WS-0047;USTX-WS-0048;USTX-WS-0049;USTX-WS-0050;USTX-WS-0051;USTX-WS-0052;USTX-WS-0053;USTX-WS-0054;USTX-WS-0055;USTX-WS-0056;USTX-WS-0057;USTX-WS-0058;USTX-WS-0059;USTX-WS-0060;USTX-WS-0061;USTX-WS-0062;USTX-WS-0063;USTX-WS-0064;USVA-APP-01;USVA-APP-02;USVA-APP-03;USVA-APP-04;USVA-APP-05;USVA-APP-06;USVA-APP-07;USVA-APP-08;USVA-FS-01;USVA-FS-02;USVA-FS-03;USVA-FS-04;USVA-JUMP-01;USVA-JUMP-02;USVA-JUMP-03;USVA-PAW-01;USVA-PAW-02;USVA-PAW-03;USVA-PAW-04;USVA-PAW-05;USVA-PAW-06;USVA-VDI-01;USVA-VDI-02;USVA-VDI-03;USVA-WS-0001;USVA-WS-0002;USVA-WS-0003;USVA-WS-0004;USVA-WS-0005;USVA-WS-0006;USVA-WS-0007;USVA-WS-0008;USVA-WS-0009;USVA-WS-0010;USVA-WS-0011;USVA-WS-0012;USVA-WS-0013;USVA-WS-0014;USVA-WS-0015;USVA-WS-0016;USVA-WS-0017;USVA-WS-0018;USVA-WS-0019;USVA-WS-0020;USVA-WS-0021;USVA-WS-0022;USVA-WS-0023;USVA-WS-0024;USVA-WS-0025;USVA-WS-0026;USVA-WS-0027;USVA-WS-0028;USVA-WS-0029;USVA-WS-0030;USVA-WS-0031;USVA-WS-0032;USVA-WS-0033;USVA-WS-0034;USVA-WS-0035;USVA-WS-0036;USVA-WS-0037;USVA-WS-0038;USVA-WS-0039;USVA-WS-0040;USVA-WS-0041;USVA-WS-0042;USVA-WS-0043;USVA-WS-0044;USVA-WS-0045;USVA-WS-0046;USVA-WS-0047;USVA-WS-0048;USVA-WS-0049;USVA-WS-0050;USVA-WS-0051;USVA-WS-0052;USVA-WS-0053;USVA-WS-0054;USVA-WS-0055;USVA-WS-0056;USVA-WS-0057;USVA-WS-0058;USVA-WS-0059;USVA-WS-0060;USVA-WS-0061;USVA-WS-0062;USVA-WS-0063;USVA-WS-0064,XmlWinEventLog,
EASY-ACCESS-001,malicious,2026-04-06T15:22:41.000000Z,2026-04-06T15:23:59.000000Z,10,AWS-WEB-WAF-01;USHQ-FW-01;USHQ-WEB-02;USHQ-ZEEK-01,aws:waf;bro:conn:json;bro:files:json;bro:http:json;bro:ssl:json;pan:traffic;syslog;trellix:epo,T1190;T1505.003
EASY-ACCESS-EXPANDED,malicious,2026-04-06T15:20:00.000000Z,2026-04-06T15:22:51.055000Z,40,AWS-WEB-WAF-01;USHQ-FW-01;USHQ-ZEEK-01,aws:waf;bro:conn:json;bro:http:json;pan:traffic,T1190
EASY-AWS-001,malicious,2026-04-06T16:09:13.000000Z,2026-04-06T16:18:27.000000Z,6,AWS-CLOUDTRAIL-US;AWS-GITLAB-PROD,aws:cloudtrail;aws:cloudwatchlogs:vpcflow,T1087;T1580
EASY-BADGE-BASELINE,benign,2026-04-07T12:15:00.000000Z,2026-04-09T12:02:00.000000Z,2,USHQ-PACS-01;USVA-PACS-01,pacs:access,
EASY-BENIGN-DLP-001,benign,2026-04-09T14:01:00.000000Z,2026-04-09T14:01:00.000000Z,1,USHQ-DLP-01,dlp:events,
EASY-BENIGN-MFT-001,benign,2026-04-09T15:00:00.000000Z,2026-04-09T15:20:00.000000Z,2,SAAS-SERVICENOW;USNO-MFT-01,mft:transfer;servicenow:audit,
EASY-C2-001,malicious,2026-04-06T16:40:00.000000Z,2026-04-09T09:50:00.010000Z,140,USHQ-APP-07;USHQ-FW-02;USHQ-WEB-02;USHQ-ZEEK-01;USVA-ENG-APP-01;USVA-FW-02;USVA-ZEEK-01,XmlWinEventLog;bro:conn:json;bro:ssl:json;fortigate_traffic;syslog,T1071.001
EASY-CLEANUP-001,malicious,2026-04-09T16:22:30.000000Z,2026-04-09T16:25:46.003000Z,30,USVA-ENG-APP-01,XmlWinEventLog,T1070.004
EASY-CLOUD-DISC-001,malicious,2026-04-06T16:19:00.000000Z,2026-04-06T16:22:48.003000Z,40,AWS-CLOUDTRAIL-US;AWS-WEB-PROD,aws:cloudtrail;aws:cloudwatchlogs:vpcflow,T1580
EASY-COLLECT-001,malicious,2026-04-09T16:10:01.980000Z,2026-04-09T16:10:04.000000Z,3,USVA-ENG-APP-01;USVA-ZEEK-01,XmlWinEventLog;bro:conn:json;bro:smb_files:json,T1005
EASY-COLLECT-EXPANDED,malicious,2026-04-09T15:25:00.000000Z,2026-04-09T15:37:24.015000Z,75,USVA-ENG-APP-01;USVA-ZEEK-01,XmlWinEventLog;bro:conn:json;bro:smb_files:json,T1005
EASY-CREDACCESS-001,malicious,2026-04-06T15:44:00.000000Z,2026-04-06T15:48:49.008000Z,90,USHQ-WEB-02,linux_audit;syslog,T1552.001
EASY-DISCOVERY-001,malicious,2026-04-06T15:23:14.000000Z,2026-04-06T15:23:56.002000Z,28,USHQ-WEB-02,linux_audit;syslog,T1016;T1033;T1049;T1057;T1082
EASY-EXECUTION-001,malicious,2026-04-06T15:24:30.000000Z,2026-04-06T15:28:43.003000Z,96,USHQ-WEB-02,linux_audit;syslog,T1059.004
EASY-EXFIL-001,malicious,2026-04-09T16:17:30.000000Z,2026-04-09T16:17:32.000000Z,7,USVA-DLP-01;USVA-ENG-APP-01;USVA-FW-02;USVA-ZEEK-01,XmlWinEventLog;bro:conn:json;bro:dns:json;bro:ssl:json;bro:x509:json;dlp:events;pan:traffic,T1041
EASY-EXFIL-PREP-001,malicious,2026-04-09T16:17:00.000000Z,2026-04-09T16:19:13.000000Z,25,USVA-DLP-01;USVA-ENG-APP-01,XmlWinEventLog;dlp:events,T1041
EASY-GIT-001,malicious,2026-04-06T16:09:12.000000Z,2026-04-06T16:09:14.000000Z,5,AWS-GITLAB-01;USHQ-WEB-02;USHQ-ZEEK-01,bro:conn:json;bro:dns:json;bro:ssl:json;gitlab:audit;syslog,T1078;T1083
EASY-LATERAL-001,malicious,2026-04-08T14:45:59.000000Z,2026-04-08T17:19:00.000000Z,78,USHQ-DC-02;USHQ-FW-02;USHQ-ZEEK-01;USVA-ENG-APP-01;USVA-FS-01;USVA-ZEEK-01,XmlWinEventLog;bro:conn:json;fortigate_traffic,T1021.002;T1021.006;T1078.002
EASY-PERSIST-001,malicious,2026-04-06T18:14:00.000000Z,2026-04-10T19:20:01.003000Z,96,AWS-WEB-WAF-01;USHQ-WEB-02;USHQ-ZEEK-01,aws:waf;bro:conn:json;bro:http:json;bro:ssl:json;linux_audit;syslog,T1505.003
EASY-PRIVESC-001,malicious,2026-04-06T15:38:00.000000Z,2026-04-06T15:40:41.025000Z,40,USHQ-WEB-02,linux_audit;syslog;trellix:epo,T1068
EASY-RECON-ACTOR-001,malicious,2026-04-06T14:42:00.000000Z,2026-04-06T14:53:43.061000Z,100,AWS-WEB-WAF-01;USHQ-FW-01;USHQ-ZEEK-01,aws:waf;bro:conn:json;bro:http:json;bro:ssl:json;pan:traffic,T1595
EASY-RECON-BENIGN-001,benign,2026-04-06T13:04:17.000000Z,2026-04-06T13:04:17.080000Z,5,AWS-WEB-WAF-01;USHQ-FW-01;USHQ-ZEEK-01,aws:waf;bro:conn:json;bro:http:json;bro:ssl:json;pan:traffic,
EASY-RECON-BENIGN-002,benign,2026-04-07T12:00:00.000000Z,2026-04-07T12:00:12.000000Z,7,USNO-ZEEK-01,bro:conn:json,
EASY-STAGE-001,malicious,2026-04-09T15:52:00.000000Z,2026-04-09T15:57:42.009000Z,60,USVA-ENG-APP-01,XmlWinEventLog,T1074.001
EASY-WIN-DISC-001,malicious,2026-04-07T13:46:16.000000Z,2026-04-07T15:34:13.000000Z,22,USHQ-APP-07;USHQ-ZEEK-01,XmlWinEventLog;bro:conn:json;bro:dns:json,T1007;T1016;T1018;T1049;T1057;T1069.001;T1069.002;T1135
EASY-WIN-DISC-EXPANDED,malicious,2026-04-07T15:36:00.000000Z,2026-04-07T15:45:11.020000Z,90,USHQ-APP-07;USHQ-ZEEK-01,XmlWinEventLog;bro:conn:json;bro:dns:json,T1007;T1012;T1016;T1018;T1033;T1047;T1049;T1057;T1069.001;T1069.002;T1082;T1083;T1087.002;T1135;T1482;T1654
EASY-WIN-PIVOT-001,malicious,2026-04-07T13:44:15.780000Z,2026-04-07T15:31:17.000000Z,9,USHQ-APP-07;USHQ-DC-02;USHQ-ZEEK-01,XmlWinEventLog;bro:conn:json;bro:dce_rpc:json;ms:defender:eventhub,T1047;T1078
EASY-XSPIVOT-001,malicious,2026-04-08T14:42:25.000000Z,2026-04-08T15:14:34.000000Z,6,USHQ-DC-02;USHQ-FW-02;USHQ-ZEEK-01;USVA-ENG-APP-01;USVA-FW-03;USVA-ZEEK-01,XmlWinEventLog;bro:conn:json;cisco:asa;fortigate_traffic,T1021.006;T1078
