event_id,activity_id,scenario,time,host,source,sourcetype,truth_label,technique,question_tags
02f854b0-7d39-5341-a063-fd2d38f67bf9,MED-BENIGN-VPN-001,medium,2026-04-06T17:48:33.000000Z,UKLO-RADIUS-01,radius:auth,radius:auth,benign,,"vpn,admin_lookalike"
64347bc6-15ea-51b7-acf1-5a9b4ee25035,MED-ACCESS-001,medium,2026-04-06T18:12:04.000000Z,UKLO-RADIUS-01,radius:auth,radius:auth,malicious,T1078,"vpn,valid_accounts,initial_access"
09d06d48-ce90-5111-9fd1-e9d325f9d46e,MED-ACCESS-001,medium,2026-04-06T18:12:15.000000Z,UKLO-RADIUS-01,radius:auth,radius:auth,malicious,T1078,"vpn,valid_accounts,initial_access"
96b7742d-a6bc-574f-b87d-c810e8889699,MED-ACCESS-001,medium,2026-04-06T18:12:26.000000Z,UKLO-RADIUS-01,radius:auth,radius:auth,malicious,T1078,"vpn,valid_accounts,initial_access"
608925c4-0c9f-537e-841f-de381209df26,MED-ACCESS-001,medium,2026-04-06T18:12:52.000000Z,UKLO-RADIUS-01,radius:auth,radius:auth,malicious,T1078,"vpn,valid_accounts,initial_access"
1b62d6cc-f198-5e14-96d5-e560d742ac7a,MED-ACCESS-001,medium,2026-04-06T18:12:52.000000Z,UKLO-FW-01,pan:traffic,pan:traffic,malicious,T1078,"vpn,initial_access,nat"
01c7817f-a248-5cc0-b2f2-8bc240b7fa43,MED-ACCESS-002,medium,2026-04-06T18:14:19.000000Z,UKLO-JMP-01,XmlWinEventLog:Security,XmlWinEventLog,malicious,T1078,"valid_accounts,jump_host"
e8f529f6-2451-5471-bf5d-9580dbf209ae,MED-DISCOVERY-001,medium,2026-04-06T18:14:37.000000Z,UKLO-JMP-01,XmlWinEventLog:Microsoft-Windows-Sysmon/Operational,XmlWinEventLog,malicious,T1033,"discovery,identity_discovery,jump_host"
11307d61-98d9-535d-83cb-fb4495755cee,MED-DISCOVERY-001,medium,2026-04-06T18:14:37.008000Z,UKLO-JMP-01,XmlWinEventLog:Security,XmlWinEventLog,malicious,T1033,"discovery,identity_discovery,jump_host"
a7076b3c-0c01-5874-a91f-6162ba42823c,MED-DISCOVERY-001,medium,2026-04-06T18:15:08.000000Z,UKLO-JMP-01,XmlWinEventLog:Microsoft-Windows-Sysmon/Operational,XmlWinEventLog,malicious,T1018,"discovery,domain_discovery,jump_host"
ed265647-463c-5267-91e0-59085b3918fb,MED-DISCOVERY-001,medium,2026-04-06T18:15:08.008000Z,UKLO-JMP-01,XmlWinEventLog:Security,XmlWinEventLog,malicious,T1018,"discovery,domain_discovery,jump_host"
d36b1899-c3dc-5093-af7c-c43dcfa45440,MED-DISCOVERY-001,medium,2026-04-06T18:15:39.000000Z,UKLO-JMP-01,XmlWinEventLog:Microsoft-Windows-Sysmon/Operational,XmlWinEventLog,malicious,T1069.002,"discovery,group_discovery,jump_host"
d51d5f95-a0d3-5491-ab6b-cd1ed9496284,MED-DISCOVERY-001,medium,2026-04-06T18:15:39.008000Z,UKLO-JMP-01,XmlWinEventLog:Security,XmlWinEventLog,malicious,T1069.002,"discovery,group_discovery,jump_host"
1502ba67-dade-5267-9bee-0c0b701b9d20,MED-DISCOVERY-001,medium,2026-04-06T18:16:10.000000Z,UKLO-JMP-01,XmlWinEventLog:Microsoft-Windows-Sysmon/Operational,XmlWinEventLog,malicious,T1016,"discovery,network_discovery,jump_host"
868a02be-3ed2-5e65-adac-2ced7471fca8,MED-DISCOVERY-001,medium,2026-04-06T18:16:10.008000Z,UKLO-JMP-01,XmlWinEventLog:Security,XmlWinEventLog,malicious,T1016,"discovery,network_discovery,jump_host"
dafc7a83-3b4a-5b00-a824-a53b6d5434f5,MED-CRED-001,medium,2026-04-06T19:02:31.000000Z,UKLO-JMP-01,XmlWinEventLog:Microsoft-Windows-Sysmon/Operational,XmlWinEventLog,malicious,T1003.001,"credential_access,native_tools"
404b356c-4ac6-5e1c-a6a3-1ce0685ae0c4,MED-CRED-001,medium,2026-04-06T19:02:31.008000Z,UKLO-JMP-01,XmlWinEventLog:Security,XmlWinEventLog,malicious,T1003.001,"credential_access,native_tools"
a5b0068e-6837-5bac-b03c-b313efc76711,MED-CRED-001,medium,2026-04-06T19:02:35.000000Z,UKLO-JMP-01,ms:defender:eventhub,ms:defender:eventhub,malicious,T1003.001,"credential_access,defender_detection"
dafb925d-8f8f-5d08-b0a2-cf063b3fadeb,MED-CRED-001,medium,2026-04-06T19:02:36.000000Z,UKLO-JMP-01,ms:defender:eventhub,ms:defender:eventhub,malicious,T1003.001,"credential_access,defender_detection"
31254638-7f27-5322-a878-aaa4cc87e1f2,MED-LATERAL-001,medium,2026-04-07T07:26:13.000000Z,UKLO-ZEEK-01,zeek:conn,bro:conn:json,malicious,T1047,"wmi,lateral_movement,cross_region"
dcbe47af-8ef3-5500-b19b-16bf241c6a07,MED-LATERAL-001,medium,2026-04-07T07:26:13.000000Z,DEFR-FW-01,cisco:asa,cisco:asa,malicious,T1047,"wmi,lateral_movement,cross_region"
5552393e-3590-596f-ad02-493070a63ffc,MED-LATERAL-001,medium,2026-04-07T07:26:13.003000Z,DEFR-ZEEK-01,zeek:conn,bro:conn:json,malicious,T1047,"wmi,lateral_movement,cross_region"
b3ab2be1-9cdb-57f4-9e60-9ef18ebf9db2,MED-LATERAL-001,medium,2026-04-07T07:26:13.011000Z,DEFR-ZEEK-01,zeek:dce_rpc,bro:dce_rpc:json,malicious,T1047,"wmi,lateral_movement,cross_region"
e753496e-0c68-5c95-be79-e66266a80eb3,MED-LATERAL-001,medium,2026-04-07T07:26:15.000000Z,DEFR-ENG-APP-03,XmlWinEventLog:Security,XmlWinEventLog,malicious,T1078,"wmi,lateral_movement,valid_accounts"
7b9a3878-6bc1-5cd2-aa45-7cde26aa8345,MED-LATERAL-001,medium,2026-04-07T07:26:20.000000Z,DEFR-ENG-APP-03,XmlWinEventLog:Microsoft-Windows-Sysmon/Operational,XmlWinEventLog,malicious,T1047,"wmi,lateral_movement,remote_execution"
a85bf2b6-78e6-5ce8-89d3-f8808f4c89c9,MED-LATERAL-001,medium,2026-04-07T07:26:20.008000Z,DEFR-ENG-APP-03,XmlWinEventLog:Security,XmlWinEventLog,malicious,T1047,"wmi,lateral_movement,remote_execution"
d0b45a6e-7194-5d6c-969c-25f701e1a940,MED-CLOUD-001,medium,2026-04-07T08:03:49.000000Z,GITLAB-PROD,gitlab:audit,gitlab:audit,malicious,T1213.003,"gitlab,collection,valid_token"
bb504c3a-d298-5f6d-b1c1-11bdd6f52f07,MED-CLOUD-001,medium,2026-04-07T08:03:49.000000Z,DEFR-ZEEK-01,zeek:conn,bro:conn:json,malicious,T1213.003,"gitlab,collection"
c52252dd-4601-59a5-8ddd-9ce91e9ee42b,MED-CLOUD-001,medium,2026-04-07T08:03:49.009000Z,DEFR-ZEEK-01,zeek:ssl,bro:ssl:json,malicious,T1213.003,"gitlab,collection"
acb714cf-e6ec-5ecf-bfe5-eb89d65b3e0e,MED-CLOUD-002,medium,2026-04-07T08:37:14.000000Z,AWS-CT-ENGDATA,aws:cloudtrail,aws:cloudtrail,malicious,T1078.004,"aws,cloud,collection,cross_domain"
f2d197bb-1c68-5866-989a-8ddc7b7408d8,MED-CLOUD-002,medium,2026-04-07T08:37:31.000000Z,AWS-CT-ENGDATA,aws:cloudtrail,aws:cloudtrail,malicious,T1078.004,"aws,cloud,collection,cross_domain"
979d384e-6b0c-5536-830b-9f8cce7c3d91,MED-CLOUD-002,medium,2026-04-07T08:37:48.000000Z,AWS-CT-ENGDATA,aws:cloudtrail,aws:cloudtrail,malicious,T1530,"aws,cloud,collection,cross_domain"
1385c6e0-a394-5517-9de1-0614f5045796,MED-CLOUD-002,medium,2026-04-07T08:38:05.000000Z,AWS-CT-ENGDATA,aws:cloudtrail,aws:cloudtrail,malicious,T1530,"aws,cloud,collection,cross_domain"
7c336657-67be-5e89-b529-43e258dea397,MED-CLOUD-002,medium,2026-04-07T08:38:22.000000Z,AWS-CT-ENGDATA,aws:cloudtrail,aws:cloudtrail,malicious,T1530,"aws,cloud,collection,cross_domain"
31654be3-5b7e-5dff-8556-b8b9fa026807,MED-CLOUD-002,medium,2026-04-07T08:38:39.000000Z,AWS-CT-ENGDATA,aws:cloudtrail,aws:cloudtrail,malicious,T1530,"aws,cloud,collection,cross_domain"
a75cf256-9b93-5524-8e09-93651836de8d,MED-BENIGN-WMI-001,medium,2026-04-07T09:05:00.000000Z,DEFR-SCCM-01,sccm:client,sccm:client,benign,,"wmi,admin_lookalike,sccm"
1915446a-99db-54f5-88b7-b467a3cca2c2,MED-COLLECT-001,medium,2026-04-08T06:41:22.000000Z,DEFR-ZEEK-01,zeek:conn,bro:conn:json,malicious,T1039,"collection,smb,file_share"
a02e6a14-444e-5283-a3d4-894d08d71f5c,MED-COLLECT-001,medium,2026-04-08T06:41:25.000000Z,DEFR-ZEEK-01,zeek:smb_files,bro:smb_files:json,malicious,T1039,"collection,smb,file_share"
101858d5-433f-5eab-803c-f40d9bb2f971,MED-COLLECT-001,medium,2026-04-08T06:41:33.000000Z,DEFR-ZEEK-01,zeek:smb_files,bro:smb_files:json,malicious,T1039,"collection,smb,file_share"
0c51e1fb-654c-520f-9cf6-8c52a27135ee,MED-COLLECT-001,medium,2026-04-08T06:41:41.000000Z,DEFR-ZEEK-01,zeek:smb_files,bro:smb_files:json,malicious,T1039,"collection,smb,file_share"
51b6c929-0760-5ef5-b9a6-228cfbfba2d3,MED-COLLECT-001,medium,2026-04-08T06:41:49.000000Z,DEFR-ZEEK-01,zeek:smb_files,bro:smb_files:json,malicious,T1039,"collection,smb,file_share"
b8bd98e6-69ec-580d-b214-03f698447bb3,MED-STAGE-001,medium,2026-04-08T06:44:22.000000Z,DEFR-ENG-APP-03,XmlWinEventLog:Microsoft-Windows-Sysmon/Operational,XmlWinEventLog,malicious,T1560.001,"staging,archive,collection"
36b786c6-b166-55b1-bc35-96b8aaf25f84,MED-STAGE-001,medium,2026-04-08T06:44:22.008000Z,DEFR-ENG-APP-03,XmlWinEventLog:Security,XmlWinEventLog,malicious,T1560.001,"staging,archive,collection"
7541fc6d-ca05-5153-abe0-4ed7232c0810,MED-STAGE-001,medium,2026-04-08T06:44:24.000000Z,DEFR-ENG-APP-03,XmlWinEventLog:Microsoft-Windows-Sysmon/Operational,XmlWinEventLog,malicious,T1074.001,"staging,archive,file_create"
5250c15d-a600-5d33-afc3-589d8f680316,MED-LATERAL-002,medium,2026-04-08T13:18:07.000000Z,AUSY-RADIUS-01,radius:auth,radius:auth,malicious,T1078,"vpn,valid_accounts,multi_region"
f7a8ee72-400a-5ef5-a61b-503fb2f8d496,MED-LATERAL-002,medium,2026-04-08T13:18:07.000000Z,AUSY-FW-01,fortigate_traffic,fortigate_traffic,malicious,T1078,"vpn,valid_accounts,multi_region"
da145303-7455-52fd-ba83-5c87ea3f8e3b,MED-COLLECT-002,medium,2026-04-08T13:20:07.000000Z,AUSY-ENG-APP-04,XmlWinEventLog:Microsoft-Windows-Sysmon/Operational,XmlWinEventLog,malicious,T1039,"collection,multi_region,file_share"
8595ac1d-abf7-551b-8076-34eaf8d897d4,MED-COLLECT-002,medium,2026-04-08T13:20:07.008000Z,AUSY-ENG-APP-04,XmlWinEventLog:Security,XmlWinEventLog,malicious,T1039,"collection,multi_region,file_share"
e169ed24-a9b6-5060-b94c-2aad59913926,MED-BENIGN-MFT-001,medium,2026-04-09T04:52:00.000000Z,DEFR-MFT-01,mft:transfer,mft:transfer,benign,,"mft,large_transfer,benign_lookalike"
c6f30bb7-b676-5779-a159-e4e4a83d6f05,MED-STAGE-002,medium,2026-04-09T05:12:55.000000Z,NLAM-OPS-LNX-04,/var/log/secure,linux_secure,malicious,T1021.004,"ssh,lateral_movement,staging"
cf717a67-ae74-5eb8-acaa-65c6ec71aed1,MED-STAGE-002,medium,2026-04-09T05:12:55.000000Z,NLAM-OPS-LNX-04,/var/log/audit/audit.log,linux_audit,malicious,T1021.004,"ssh,lateral_movement,staging"
33ed04e1-a9d0-5c68-99f0-b894348d656d,MED-STAGE-002,medium,2026-04-09T05:12:55.001000Z,NLAM-OPS-LNX-04,/var/log/audit/audit.log,linux_audit,malicious,T1021.004,"ssh,lateral_movement,staging"
682840d4-4adc-5e62-8f5f-b86dbead56af,MED-STAGE-002,medium,2026-04-09T05:12:55.002000Z,NLAM-OPS-LNX-04,/var/log/audit/audit.log,linux_audit,malicious,T1021.004,"ssh,lateral_movement,staging"
2d5b4329-e794-5ddd-b9d8-53a280c361db,MED-STAGE-002,medium,2026-04-09T05:12:55.003000Z,NLAM-OPS-LNX-04,/var/log/audit/audit.log,linux_audit,malicious,T1021.004,"ssh,lateral_movement,staging"
f3d136d5-ddd2-50b8-afa4-e3478128dee5,MED-STAGE-002,medium,2026-04-09T05:15:55.000000Z,NLAM-OPS-LNX-04,/var/log/syslog,syslog,malicious,T1560.001,"archive,staging,multi_region"
f2f3a7e1-2343-50f2-aea8-e70771d35dce,MED-STAGE-002,medium,2026-04-09T05:15:55.000000Z,NLAM-OPS-LNX-04,/var/log/audit/audit.log,linux_audit,malicious,T1560.001,"archive,staging,multi_region"
84a5b03b-52ac-530a-b213-1da96bff90af,MED-STAGE-002,medium,2026-04-09T05:15:55.001000Z,NLAM-OPS-LNX-04,/var/log/audit/audit.log,linux_audit,malicious,T1560.001,"archive,staging,multi_region"
19028539-a387-5c24-88de-56bfa5dcbdda,MED-STAGE-002,medium,2026-04-09T05:15:55.002000Z,NLAM-OPS-LNX-04,/var/log/audit/audit.log,linux_audit,malicious,T1560.001,"archive,staging,multi_region"
3241961c-8bd6-5df3-9763-71a71b65d35d,MED-EXFIL-001,medium,2026-04-09T05:31:18.000000Z,NLAM-ZEEK-01,zeek:conn,bro:conn:json,malicious,T1048.002,"exfiltration,https,staged_archive"
90864441-e082-5294-aff6-e7adeed2b03a,MED-EXFIL-001,medium,2026-04-09T05:31:18.000000Z,NLAM-FW-02,pan:traffic,pan:traffic,malicious,T1048.002,"exfiltration,https,staged_archive"
59122d49-f054-5d29-8a75-c96184c2593d,MED-EXFIL-001,medium,2026-04-09T05:31:18.014000Z,NLAM-ZEEK-01,zeek:ssl,bro:ssl:json,malicious,T1048.002,"exfiltration,https,staged_archive"
ec26f620-cd61-5e5b-b570-fbe256edbf77,MED-EXFIL-001,medium,2026-04-09T05:31:21.000000Z,NLAM-DLP-01,dlp:events,dlp:events,malicious,T1048.002,"exfiltration,dlp,weak_detection"
ccb599b3-fa61-55b3-a355-caf5dd785c91,MED-CLEANUP-001,medium,2026-04-09T06:03:42.000000Z,DEFR-ENG-APP-03,XmlWinEventLog:Microsoft-Windows-Sysmon/Operational,XmlWinEventLog,malicious,T1070.004,"cleanup,file_delete"
01c7d98b-f847-56d1-955a-395da45dca9c,MED-CLEANUP-001,medium,2026-04-09T06:03:42.008000Z,DEFR-ENG-APP-03,XmlWinEventLog:Security,XmlWinEventLog,malicious,T1070.004,"cleanup,file_delete"
a2cd0614-172d-5f27-8b59-e41d4473c0fa,MED-CLEANUP-001,medium,2026-04-09T06:10:42.000000Z,NLAM-OPS-LNX-04,/var/log/syslog,syslog,malicious,T1070.004,"cleanup,file_delete"
