Question,EndTime,BasePoints,Number,StartTime,AdditionalBonusPoints,AdditionalBonusInstructions
Which external IP is associated with the suspicious SGSI VPN success?,1775865599,90,H001,1775433600,,
Which account authenticates in the suspicious SGSI VPN session?,1775865599,90,H002,1775433600,,
Which RADIUS server records the suspicious session?,1775865599,90,H003,1775433600,,
Which VPN gateway is named as the NAS?,1775865599,90,H004,1775433600,,
What authentication method is used by the suspicious VPN success?,1775865599,90,H005,1775433600,,
What public VPN address is contacted by the suspicious session?,1775865599,90,H006,1775433600,,
Which internal host IP is the VPN session translated toward?,1775865599,90,H007,1775433600,,
Which firewall rule permits the suspicious VPN traffic?,1775865599,90,H008,1775433600,,
What external source port is used by the suspicious VPN traffic?,1775865599,90,H009,1775433600,,
Which jump host receives the resulting access?,1775865599,90,H010,1775433600,,
Which external IP belongs to the approved vendor VPN lookalike?,1775865599,95,H011,1775433600,,
Which change request authorizes the benign vendor tunnel health check?,1775865599,95,H012,1775433600,,
Which administrator is recorded on that approved change?,1775865599,95,H013,1775433600,,
What expected source IP is named in the approved vendor change?,1775865599,95,H014,1775433600,,
Which unrelated change request occurs near the malicious VPN session?,1775865599,95,H015,1775433600,,
What activity is described by CHG0064899?,1775865599,95,H016,1775433600,,
Does the malicious source 103.27.186.44 appear in the approved vendor change detail?,1775865599,95,H017,1775433600,,
Which service account appears in both the approved lookalike and suspicious VPN events?,1775865599,95,H018,1775433600,,
Which source distinguishes the suspicious session from the approved lookalike?,1775865599,95,H019,1775433600,,
Which evidence family is required to establish whether vendor access was authorized?,1775865599,95,H020,1775433600,,
Which account performs low-and-slow discovery on SGSI-NET-JMP-02?,1775865599,90,H021,1775433600,,
Which command enumerates the current identity and token context?,1775865599,90,H022,1775433600,,
Which command collects interface and DNS configuration?,1775865599,90,H023,1775433600,,
Which command enumerates the local ARP cache?,1775865599,90,H024,1775433600,,
Which command probes the remote system name `\\JPTY-HIST-MGMT-01`?,1775865599,90,H025,1775433600,,
Which four executables are used for the SGSI discovery sequence? Answer format example: value1;value2 (use semicolons; spaces are optional; order does not matter).,1775865599,90,H026,1775433600,,
Which parent process launches the discovery utilities?,1775865599,90,H027,1775433600,,
Which two Windows process-audit EventCodes corroborate the discovery commands? Answer format example: value1;value2 (use semicolons; spaces are optional; order does not matter).,1775865599,90,H028,1775433600,,
Which host records all four discovery commands?,1775865599,90,H029,1775433600,,
How many distinct discovery commands are in the static SGSI discovery sequence?,1775865599,90,H030,1775433600,,
Which utility creates the covert forwarding rule on SGSI-NET-JMP-02?,1775865599,105,H031,1775433600,,
What local listen port is configured by the suspicious portproxy rule?,1775865599,105,H032,1775433600,,
What local listen address is configured by the suspicious portproxy rule?,1775865599,105,H033,1775433600,,
What remote connect address is configured by the suspicious portproxy rule?,1775865599,105,H034,1775433600,,
What remote connect port is configured by the suspicious portproxy rule?,1775865599,105,H035,1775433600,,
Which protocol/service does destination port 5985 indicate in this scenario?,1775865599,105,H036,1775433600,,
Which change request authorizes the separate benign 9443 portproxy?,1775865599,105,H037,1775433600,,
What listen port is used by the authorized benign portproxy?,1775865599,105,H038,1775433600,,
Which host contains the unauthorized 8443 portproxy?,1775865599,105,H039,1775433600,,
Which two network evidence sources corroborate the SGSI-to-JPTY proxy leg? Answer format example: value1;value2 (use semicolons; spaces are optional; order does not matter).,1775865599,105,H040,1775433600,,
Which Tokyo host receives the cross-region remote logon?,1775865599,105,H041,1775433600,,
Which account is used for the Tokyo remote logon?,1775865599,105,H042,1775433600,,
What source IP is recorded in the Tokyo Windows logon event?,1775865599,105,H043,1775433600,,
What Windows logon type is recorded for the Tokyo remote access?,1775865599,105,H044,1775433600,,
What authentication package is recorded for the Tokyo remote logon?,1775865599,105,H045,1775433600,,
Which process parent indicates a WinRM-hosted remote PowerShell session?,1775865599,105,H046,1775433600,,
What destination port is seen in Zeek for the Tokyo WinRM session?,1775865599,105,H047,1775433600,,
Which Zeek sensor observes the Tokyo WinRM session?,1775865599,105,H048,1775433600,,
Which firewall records the Tokyo OT-boundary flow?,1775865599,105,H049,1775433600,,
Which ATT&CK technique ID is assigned to the WinRM lateral movement?,1775865599,105,H050,1775433600,,
Which host is used as the OT-adjacent management foothold?,1775865599,110,H051,1775433600,,
Which command enumerates Windows services on the OT-adjacent host?,1775865599,110,H052,1775433600,,
Which command queries the Asteron Historian registry key?,1775865599,110,H053,1775433600,,
Which command enumerates current network connections?,1775865599,110,H054,1775433600,,
Which command enumerates scheduled tasks in verbose list format?,1775865599,110,H055,1775433600,,
Which DNS name is queried from the historian management host?,1775865599,110,H056,1775433600,,
What IP address is returned for the historian backup name?,1775865599,110,H057,1775433600,,
Which process performs the historian-backup DNS query?,1775865599,110,H058,1775433600,,
How many distinct OT-adjacent discovery commands precede the DNS query?,1775865599,110,H059,1775433600,,
Which account performs the OT-adjacent discovery?,1775865599,110,H060,1775433600,,
Which file server is read during the JPTY engineering-support collection?,1775865599,110,H061,1775433600,,
Which share path contains the collected support files?,1775865599,110,H062,1775433600,,
Which five filenames are read from the OT support share? Answer format example: value1;value2 (use semicolons; spaces are optional; order does not matter).,1775865599,110,H063,1775433600,,
How many distinct files are read from the OT support share?,1775865599,110,H064,1775433600,,
Which file contains the smallest byte count in the authored collection list?,1775865599,110,H065,1775433600,,
Which host initiates the SMB collection?,1775865599,110,H066,1775433600,,
Which destination port carries the SMB collection?,1775865599,110,H067,1775433600,,
Which local directory receives the copied support files?,1775865599,110,H068,1775433600,,
Which native PowerShell cmdlet performs the local copy?,1775865599,110,H069,1775433600,,
Which file extensions are included by the collection command? Answer format example: value1;value2 (use semicolons; spaces are optional; order does not matter).,1775865599,110,H070,1775433600,,
Which native PowerShell cmdlet creates the Windows staging archive?,1775865599,110,H071,1775433600,,
What full path is used for the Windows staging archive?,1775865599,110,H072,1775433600,,
What compression level is requested by the PowerShell command?,1775865599,110,H073,1775433600,,
Which account creates the Windows staging archive?,1775865599,110,H074,1775433600,,
Which parent process launches the archive-creation PowerShell?,1775865599,110,H075,1775433600,,
Which host creates the Windows staging archive?,1775865599,110,H076,1775433600,,
How many seconds after the archive process event is the Sysmon file-create event recorded?,1775865599,110,H077,1775433600,,
Which ATT&CK technique ID describes the compression step?,1775865599,110,H078,1775433600,,
Which ATT&CK technique ID describes the local staged file?,1775865599,110,H079,1775433600,,
Which filename later appears on the NZ transfer gateway?,1775865599,110,H080,1775433600,,
Which Linux host receives the later SSH access?,1775865599,110,H081,1775433600,,
Which source IP connects to the NZ transfer gateway?,1775865599,110,H082,1775433600,,
Which account authenticates to the NZ transfer gateway?,1775865599,110,H083,1775433600,,
Which SSH authentication method is accepted?,1775865599,110,H084,1775433600,,
What source port is recorded for the accepted SSH session?,1775865599,110,H085,1775433600,,
Which numeric UID is associated with svc-transferops in auditd?,1775865599,110,H086,1775433600,,
Which utility moves the JPTY archive into the outbound MFT path?,1775865599,110,H087,1775433600,,
What rsync option removes source files after transfer?,1775865599,110,H088,1775433600,,
Which two Linux sourcetypes corroborate the rsync execution? Answer format example: value1;value2 (use semicolons; spaces are optional; order does not matter).,1775865599,110,H089,1775433600,,
What rsync destination directory is used?,1775865599,110,H090,1775433600,,
Which utility creates the final Linux diagnostic archive?,1775865599,115,H091,1775433600,,
What is the full final archive path?,1775865599,115,H092,1775433600,,
Which source archive is included inside the final tarball?,1775865599,115,H093,1775433600,,
Which directory is used as tar working context?,1775865599,115,H094,1775433600,,
Which account executes the tar command?,1775865599,115,H095,1775433600,,
What parent process launches tar?,1775865599,115,H096,1775433600,,
What PID is recorded for the tar process?,1775865599,115,H097,1775433600,,
What PPID is recorded for the tar process?,1775865599,115,H098,1775433600,,
Which two Linux sourcetypes corroborate tar execution? Answer format example: value1;value2 (use semicolons; spaces are optional; order does not matter).,1775865599,115,H099,1775433600,,
Which ATT&CK technique ID is assigned to the Linux archive staging?,1775865599,115,H100,1775433600,,
Which MFT account uploads the suspicious diagnostic bundle?,1775865599,120,H101,1775433600,,
What filename is uploaded through the legitimate MFT service?,1775865599,120,H102,1775433600,,
What destination hostname receives the upload?,1775865599,120,H103,1775433600,,
What transfer ID is assigned to the suspicious upload?,1775865599,120,H104,1775433600,,
How many bytes are recorded for the suspicious MFT transfer?,1775865599,120,H105,1775433600,,
What transfer status is recorded?,1775865599,120,H106,1775433600,,
Which benign user performs the nearby approved lookalike transfer?,1775865599,120,H107,1775433600,,
Which change request explicitly authorizes the benign MFT transfer?,1775865599,120,H108,1775433600,,
What benign filename is uploaded in the approved lookalike?,1775865599,120,H109,1775433600,,
What key contextual difference makes the suspicious transfer unauthorized despite using the approved destination?,1775865599,120,H110,1775433600,,
What source IP sends the large TLS transfer to the approved MFT destination?,1775865599,120,H111,1775433600,,
What destination IP receives the large TLS transfer?,1775865599,120,H112,1775433600,,
What destination port is used?,1775865599,120,H113,1775433600,,
What source port is recorded for the transfer?,1775865599,120,H114,1775433600,,
What TLS server name is observed?,1775865599,120,H115,1775433600,,
How many bytes are sent outbound in the authored Zeek connection?,1775865599,120,H116,1775433600,,
Which firewall records the outbound transfer?,1775865599,120,H117,1775433600,,
Which firewall sourcetype records the outbound transfer?,1775865599,120,H118,1775433600,,
What action does DLP record for the suspicious transfer?,1775865599,120,H119,1775433600,,
Which DLP policy name is associated with the allowed transfer?,1775865599,120,H120,1775433600,,
Which utility removes the SGSI covert forwarding rule?,1775865599,110,H121,1775433600,,
Which listen port is deleted from the portproxy configuration?,1775865599,110,H122,1775433600,,
Which host removes the covert forwarding rule?,1775865599,110,H123,1775433600,,
Which Tokyo archive file is deleted during cleanup?,1775865599,110,H124,1775433600,,
Which Tokyo host deletes the Windows archive?,1775865599,110,H125,1775433600,,
Which Linux executable removes the final MFT staging archive?,1775865599,110,H126,1775433600,,
Which Linux host removes the final staging archive?,1775865599,110,H127,1775433600,,
Which account removes the Linux staging archive?,1775865599,110,H128,1775433600,,
What full Linux archive path is removed?,1775865599,110,H129,1775433600,,
Which ATT&CK technique ID is associated with the file-deletion cleanup events?,1775865599,110,H130,1775433600,,
Which Hard detection identifies a new vendor VPN source without requiring failed logons?,1775865599,125,H131,1775433600,,
Which Hard detection identifies the unauthorized 8443 forwarding rule?,1775865599,125,H132,1775433600,,
Which Hard detection identifies remote WinRM into the Tokyo OT-adjacent host?,1775865599,125,H133,1775433600,,
Which Hard detection identifies native PowerShell archive staging on the historian host?,1775865599,125,H134,1775433600,,
Which Hard detection identifies MFT use without matching approved change context?,1775865599,125,H135,1775433600,,
How many Hard detection searches are intentionally provided?,1775865599,125,H136,1775433600,,
Which detection is expected to produce both benign and malicious context requiring change-control review?,1775865599,125,H137,1775433600,,
Which detection occurs latest in the attack chain?,1775865599,125,H138,1775433600,,
Which activity has no dedicated Hard detection and must be found by hunting: credential discovery or portproxy creation?,1775865599,125,H139,1775433600,,
Which evidence source is central to separating approved from unapproved MFT use?,1775865599,125,H140,1775433600,,
What is the ordered sequence of primary campaign regions from initial access through exfil staging? Answer format example: value1>value2>value3 (use > between values; spaces are optional; order matters).,1775865599,130,H141,1775433600,,
What is the ordered sequence of primary campaign hosts from initial access to final staging? Answer format example: value1>value2>value3 (use > between values; spaces are optional; order matters).,1775865599,130,H142,1775433600,,
Which two service accounts are used after the initial SGSI access? Answer format example: value1;value2 (use semicolons; spaces are optional; order does not matter).,1775865599,130,H143,1775433600,,
Which initial service account establishes the SGSI foothold?,1775865599,130,H144,1775433600,,
Which static artifact bridges JPTY Windows staging to NZAK Linux transfer?,1775865599,130,H145,1775433600,,
Which static artifact represents the final outbound package?,1775865599,130,H146,1775433600,,
Which destination is legitimate but abused for exfiltration?,1775865599,130,H147,1775433600,,
Which activity establishes OT-adjacent pre-positioning without direct ICS/SCADA manipulation?,1775865599,130,H148,1775433600,,
Which activity ID corresponds to final exfiltration?,1775865599,130,H149,1775433600,,
Which three evidence concepts are necessary to prove the final transfer is malicious despite an approved destination? Answer format example: value1;value2 (use semicolons; spaces are optional; order does not matter).,1775865599,130,H150,1775433600,,
