ctf_id,Number,HintNumber,Hint,HintCost
silk_specter_easy,1,1,Splunk stores the parsed event time in a standard field that begins with an underscore.,2
silk_specter_easy,1,2,Run a simple search such as `index=<index> | head 1 | table _time` and look at the field name.,5
silk_specter_easy,2,1,"Splunk uses indexed metadata to record which system, device, sensor, or service produced an event.",2
silk_specter_easy,2,2,Try `| tstats count where index=<index> by host | head 5` and note the field being grouped.,5
silk_specter_easy,3,1,The `source` field tells you which Windows Event Log channel supplied the XML event.,2
silk_specter_easy,3,2,Use `| tstats count where index=<index> sourcetype=XmlWinEventLog by source` and identify the Security and Sysmon Operational channels.,5
silk_specter_easy,4,1,"Zeek connection records contain the two endpoint IP addresses, ports, protocol, state, duration, and byte counts for a network conversation.",2
silk_specter_easy,4,2,List the `bro:*` sourcetypes and look for the connection-log name.,5
silk_specter_easy,5,1,"AWS CloudTrail records API activity: who called an AWS API, from where, and which service handled it.",2
silk_specter_easy,5,2,List `aws:*` sourcetypes and identify the one named for CloudTrail.,5
silk_specter_easy,6,1,EventCode 4624 is a successful Windows logon. Its EventData includes fields describing the account that received the logon.,2
silk_specter_easy,6,2,Search a 4624 event and table account-related fields; the target-account name field is the one requested.,5
silk_specter_easy,7,1,Sysmon Event ID 1 describes a newly created process and includes both the executable path and the command used to launch it.,2
silk_specter_easy,7,2,"Search the Sysmon Operational source for EventCode 1 and inspect `Image`, `CommandLine`, and parent-process fields.",5
silk_specter_easy,8,1,Sysmon Event ID 3 describes a network connection made by a process.,2
silk_specter_easy,8,2,Search an EventCode 3 record and inspect the fields beginning with `Source` and `Destination`.,5
silk_specter_easy,9,1,Zeek calls the connection initiator the originator and the other endpoint the responder.,2
silk_specter_easy,9,2,Inspect one `bro:conn:json` event and look at the `id.orig_*` and `id.resp_*` fields.,5
silk_specter_easy,10,1,A Zeek DNS event records the name requested as well as any returned answers.,2
silk_specter_easy,10,2,Inspect one `bro:dns:json` event and compare the field holding the requested name with `answers`.,5
silk_specter_easy,11,1,CloudTrail separates the AWS service from the operation performed by that service.,2
silk_specter_easy,11,2,Inspect a CloudTrail event and compare `eventSource` with the field containing values such as `DescribeInstances` or `GetObject`.,5
silk_specter_easy,12,1,CloudTrail `eventSource` values look like service DNS names such as `ec2.amazonaws.com` or `s3.amazonaws.com`.,2
silk_specter_easy,12,2,Search one CloudTrail event and table `eventSource` and `eventName` side by side.,5
silk_specter_easy,13,1,"TACACS records contain the user, managed device, source address, service, and the outcome of the request.",2
silk_specter_easy,13,2,Search one `tacacs` event and inspect the key/value pair whose value is `PASS` or `FAIL`.,5
silk_specter_easy,14,1,The Defender Event Hub stream carries several record families in the same sourcetype.,2
silk_specter_easy,14,2,Search `ms:defender:eventhub` and inspect the field whose values begin with `AdvancedHunting-`.,5
silk_specter_easy,15,1,Physical Access Control System (PACS) records identify both the credential used and the physical Asteron location.,2
silk_specter_easy,15,2,Inspect one `pacs:access` record and table the identity/location fields alongside `reader` and `result`.,5
silk_specter_easy,16,1,Start with HTTP request logs for the public portal. A known scanner identifies itself in the HTTP user-agent string.,2
silk_specter_easy,16,2,"Search `sourcetype=bro:http:json` for `CensysInspect`, then inspect `id.orig_h` (the initiating/source IP).",5
silk_specter_easy,17,1,Some Internet measurement services identify themselves in the HTTP `user_agent` field. Read the client string before deciding whether a scan is hostile.,2
silk_specter_easy,17,2,Filter `bro:http:json` to source IP `199.45.154.125` and inspect `user_agent`; the organization name appears in the string.,5
silk_specter_easy,18,1,A user agent is the text an HTTP client sends to identify itself or its software family.,2
silk_specter_easy,18,2,Filter the HTTP logs to source IP `199.45.154.125` and display `user_agent`.,5
silk_specter_easy,19,1,"In Zeek connection logs, `id.orig_h` is the initiator and `id.resp_h` is the system that answered.",2
silk_specter_easy,19,2,Filter `bro:conn:json` to the scanner IP and inspect `id.resp_h`.,5
silk_specter_easy,20,1,The HTTP `host` field is the web site name the client requested; it is different from Splunk's metadata `host` field in some datasets.,2
silk_specter_easy,20,2,Filter to the scanner and inspect the HTTP field named `host`.,5
silk_specter_easy,21,1,Do not reuse the known measurement-scanner address. Look for a different client that touches several unusual portal paths in a short period.,2
silk_specter_easy,21,2,"Within the 14:42–14:54 UTC portal activity, group clients that request `/api/version`, `/.well-known/security.txt`, and `/api/render` by `id.orig_h`.",5
silk_specter_easy,22,1,"Once you know the suspicious IP, count only its HTTP requests during the reconnaissance window before 15:22 UTC.",2
silk_specter_easy,22,2,"Use the April 6 14:42–14:54 UTC window with `sourcetype=bro:http:json`, then `| stats count`.",5
silk_specter_easy,23,1,HTTP methods describe the operation being requested. Compare the `method` field across the reconnaissance records rather than relying on URI names alone.,2
silk_specter_easy,23,2,Filter the reconnaissance window and use `| stats values(method)`.,5
silk_specter_easy,24,1,HTTP 404 means the requested resource was not found. Filter the suspicious scanner's requests by `status_code=404`.,2
silk_specter_easy,24,2,"After filtering to the reconnaissance window and `status_code=404`, return `values(uri)`.",5
silk_specter_easy,25,1,Look for a path that is first tested with GET and later appears with a different HTTP method.,2
silk_specter_easy,25,2,Group the suspicious IP's HTTP requests by `uri` and compare the methods seen during reconnaissance with the later POST activity.,5
silk_specter_easy,26,1,"In Zeek connection records, `id.resp_p` is the responder/destination port. Inspect that field for the public-portal connections.",2
silk_specter_easy,26,2,Filter Zeek connection logs to the suspicious source and portal IP; inspect `id.resp_p`.,5
silk_specter_easy,27,1,TLS logs contain a `version` field even when the application content is encrypted.,2
silk_specter_easy,27,2,Filter the TLS records to the suspicious IP and portal server name; return `values(version)`.,5
silk_specter_easy,28,1,SNI (Server Name Indication) is the host name the client asks for during TLS setup.,2
silk_specter_easy,28,2,Filter TLS records to the suspicious source IP and inspect `server_name`.,5
silk_specter_easy,29,1,Compare this with the much more identifiable `CensysInspect` string from the benign scan.,2
silk_specter_easy,29,2,Filter the reconnaissance sequence and inspect `user_agent`.,5
silk_specter_easy,30,1,"In Zeek data, Splunk `host` identifies the Zeek sensor that produced the record; `id.orig_h` and `id.resp_h` are the communicating IP addresses.",2
silk_specter_easy,30,2,Filter the suspicious HTTP requests from `23.20.77.81` during 14:42–14:54 UTC and inspect the Splunk `host` field.,5
silk_specter_easy,31,1,Earlier reconnaissance used one HTTP method consistently. Focus on the very short window immediately before the first host-side compromise evidence and check whether the method changes.,2
silk_specter_easy,31,2,Filter HTTP records from `23.20.77.81` to 15:22:40–15:22:45 UTC and inspect the `method` field.,5
silk_specter_easy,32,1,Filter the suspicious source IP to HTTP POST requests near the transition from reconnaissance to compromise.,2
silk_specter_easy,32,2,Use `method=POST` and display `uri`.,5
silk_specter_easy,33,1,WAF means Web Application Firewall. Its records contain the HTTP request plus the rule that handled it.,2
silk_specter_easy,33,2,"Filter `aws:waf` to the suspicious client, `/api/render`, and POST; inspect `terminatingRuleId`.",5
silk_specter_easy,34,1,A WAF rule match can be monitored without blocking the request. Use the WAF `action` field to determine what happened.,2
silk_specter_easy,34,2,Filter to `terminatingRuleId=AppInputAnomaly` and inspect `action`.,5
silk_specter_easy,35,1,HTTP 5xx codes indicate a server-side error. Inspect the response associated with the suspicious POST.,2
silk_specter_easy,35,2,Filter Zeek HTTP records to the POST and return `status_code`.,5
silk_specter_easy,36,1,Look just after the POST rather than broadening to the entire day. A new hidden-looking path appears.,2
silk_specter_easy,36,2,Search 15:22:42–15:23:00 UTC for HTTP activity from the same external IP and inspect `uri`.,5
silk_specter_easy,37,1,HTTP status codes indicate whether the request succeeded or failed. Inspect `status_code` for the follow-up request rather than inferring it from the URI.,2
silk_specter_easy,37,2,Filter to the hidden path and inspect `status_code`.,5
silk_specter_easy,38,1,Pivot from the portal IP `10.44.15.22` into endpoint records at the same time. The affected server is Linux.,2
silk_specter_easy,38,2,Search the minute after the suspicious POST for Linux Sysmon/audit activity and identify the host.,5
silk_specter_easy,39,1,Sysmon Event ID 11 is the FileCreate event. Confirm the event ID from the record rather than memorizing it blindly.,2
silk_specter_easy,39,2,Search the web server logs for the full `.runtime/status` path and extract `<EventID>...</EventID>`.,5
silk_specter_easy,40,1,Sysmon file-create records contain a target filename/path. Focus on the event immediately following the suspicious web requests.,2
silk_specter_easy,40,2,Search for `.runtime/status` on `USHQ-WEB-02` and inspect the Sysmon `TargetFilename` value.,5
silk_specter_easy,41,1,Zeek file records describe files observed in network protocols. They can corroborate the endpoint file-create event.,2
silk_specter_easy,41,2,Search `bro:files:json` around 15:23 UTC and inspect `filename`.,5
silk_specter_easy,42,1,A SHA-256 hash is a content fingerprint. Zeek calculated one for the transferred file.,2
silk_specter_easy,42,2,Filter `bro:files:json` to `filename=.runtime/status` and display `sha256`.,5
silk_specter_easy,43,1,The Zeek file record includes both observed bytes and total bytes. Use the complete-file field for this question.,2
silk_specter_easy,43,2,Filter to the file and inspect `total_bytes`.,5
silk_specter_easy,44,1,"Endpoint-security detections should corroborate other evidence, not replace it. Look at the Trellix event shortly after the file creation.",2
silk_specter_easy,44,2,Filter `trellix:epo` to `USHQ-WEB-02` around 15:24 UTC and inspect `threatName`.,5
silk_specter_easy,45,1,The detection includes both the parent process and the child process it considered suspicious.,2
silk_specter_easy,45,2,Filter to the Trellix web-shell detection and inspect `child_process`.,5
silk_specter_easy,46,1,The Linux Sysmon process-create records include the account in a `User` field.,2
silk_specter_easy,46,2,"Focus on `USHQ-WEB-02` after compromise, extract the Sysmon `User` value, and compare the suspicious command processes.",5
silk_specter_easy,47,1,Process ancestry shows what launched a command. A web application should not normally be the parent of a long discovery sequence.,2
silk_specter_easy,47,2,Extract `ParentImage` from the Linux Sysmon ProcessCreate events after compromise.,5
silk_specter_easy,48,1,Linux Sysmon ProcessCreate events record the full command line. Work through the command list and determine what each command is trying to learn.,2
silk_specter_easy,48,2,"On `USHQ-WEB-02`, extract `CommandLine` from Sysmon Event ID 1 during the post-compromise discovery window and inspect the resulting list.",5
silk_specter_easy,49,1,Linux Sysmon ProcessCreate events record the full command line. Work through the command list and determine what each command is trying to learn.,2
silk_specter_easy,49,2,"On `USHQ-WEB-02`, extract `CommandLine` from Sysmon Event ID 1 during the post-compromise discovery window and inspect the resulting list.",5
silk_specter_easy,50,1,Linux Sysmon ProcessCreate events record the full command line. Work through the command list and determine what each command is trying to learn.,2
silk_specter_easy,50,2,"On `USHQ-WEB-02`, extract `CommandLine` from Sysmon Event ID 1 during the post-compromise discovery window and inspect the resulting list.",5
silk_specter_easy,51,1,Linux Sysmon ProcessCreate events record the full command line. Work through the command list and determine what each command is trying to learn.,2
silk_specter_easy,51,2,"On `USHQ-WEB-02`, extract `CommandLine` from Sysmon Event ID 1 during the post-compromise discovery window and inspect the resulting list.",5
silk_specter_easy,52,1,Linux Sysmon ProcessCreate events record the full command line. Work through the command list and determine what each command is trying to learn.,2
silk_specter_easy,52,2,"On `USHQ-WEB-02`, extract `CommandLine` from Sysmon Event ID 1 during the post-compromise discovery window and inspect the resulting list.",5
silk_specter_easy,53,1,Linux Sysmon ProcessCreate events record the full command line. Work through the command list and determine what each command is trying to learn.,2
silk_specter_easy,53,2,"On `USHQ-WEB-02`, extract `CommandLine` from Sysmon Event ID 1 during the post-compromise discovery window and inspect the resulting list.",5
silk_specter_easy,54,1,Linux Sysmon ProcessCreate events record the full command line. Work through the command list and determine what each command is trying to learn.,2
silk_specter_easy,54,2,"On `USHQ-WEB-02`, extract `CommandLine` from Sysmon Event ID 1 during the post-compromise discovery window and inspect the resulting list.",5
silk_specter_easy,55,1,Linux Sysmon ProcessCreate events record the full command line. Work through the command list and determine what each command is trying to learn.,2
silk_specter_easy,55,2,"On `USHQ-WEB-02`, extract `CommandLine` from Sysmon Event ID 1 during the post-compromise discovery window and inspect the resulting list.",5
silk_specter_easy,56,1,Linux Sysmon ProcessCreate events record the full command line. Work through the command list and determine what each command is trying to learn.,2
silk_specter_easy,56,2,"On `USHQ-WEB-02`, extract `CommandLine` from Sysmon Event ID 1 during the post-compromise discovery window and inspect the resulting list.",5
silk_specter_easy,57,1,Linux Sysmon ProcessCreate events record the full command line. Work through the command list and determine what each command is trying to learn.,2
silk_specter_easy,57,2,"On `USHQ-WEB-02`, extract `CommandLine` from Sysmon Event ID 1 during the post-compromise discovery window and inspect the resulting list.",5
silk_specter_easy,58,1,Linux Sysmon ProcessCreate events record the full command line. Work through the command list and determine what each command is trying to learn.,2
silk_specter_easy,58,2,"On `USHQ-WEB-02`, extract `CommandLine` from Sysmon Event ID 1 during the post-compromise discovery window and inspect the resulting list.",5
silk_specter_easy,59,1,Linux Sysmon ProcessCreate events record the full command line. Work through the command list and determine what each command is trying to learn.,2
silk_specter_easy,59,2,"On `USHQ-WEB-02`, extract `CommandLine` from Sysmon Event ID 1 during the post-compromise discovery window and inspect the resulting list.",5
silk_specter_easy,60,1,Linux Sysmon ProcessCreate events record the full command line. Work through the command list and determine what each command is trying to learn.,2
silk_specter_easy,60,2,"On `USHQ-WEB-02`, extract `CommandLine` from Sysmon Event ID 1 during the post-compromise discovery window and inspect the resulting list.",5
silk_specter_easy,61,1,Linux Sysmon ProcessCreate events record the full command line. Work through the command list and determine what each command is trying to learn.,2
silk_specter_easy,61,2,"On `USHQ-WEB-02`, extract `CommandLine` from Sysmon Event ID 1 during the post-compromise discovery window and inspect the resulting list.",5
silk_specter_easy,62,1,Linux Sysmon ProcessCreate events record the full command line. Work through the command list and determine what each command is trying to learn.,2
silk_specter_easy,62,2,"On `USHQ-WEB-02`, extract `CommandLine` from Sysmon Event ID 1 during the post-compromise discovery window and inspect the resulting list.",5
silk_specter_easy,63,1,Linux Sysmon ProcessCreate events record the full command line. Work through the command list and determine what each command is trying to learn.,2
silk_specter_easy,63,2,"On `USHQ-WEB-02`, extract `CommandLine` from Sysmon Event ID 1 during the post-compromise discovery window and inspect the resulting list.",5
silk_specter_easy,64,1,Linux Sysmon ProcessCreate events record the full command line. Work through the command list and determine what each command is trying to learn.,2
silk_specter_easy,64,2,"On `USHQ-WEB-02`, extract `CommandLine` from Sysmon Event ID 1 during the post-compromise discovery window and inspect the resulting list.",5
silk_specter_easy,65,1,Linux Sysmon ProcessCreate events record the full command line. Work through the command list and determine what each command is trying to learn.,2
silk_specter_easy,65,2,"On `USHQ-WEB-02`, extract `CommandLine` from Sysmon Event ID 1 during the post-compromise discovery window and inspect the resulting list.",5
silk_specter_easy,66,1,Look for a new executable launched from the compromised web-service process context after the discovery commands.,2
silk_specter_easy,66,2,Search the web host for `asteron-maint-helper` and inspect the Sysmon `Image` value.,5
silk_specter_easy,67,1,The image path identifies the program; the command line also shows its arguments.,2
silk_specter_easy,67,2,Search for the helper and extract the Sysmon `CommandLine` value.,5
silk_specter_easy,68,1,Compare the web-service execution account with the account shown on the maintenance-helper process.,2
silk_specter_easy,68,2,Extract the Sysmon `User` value for `asteron-maint-helper`.,5
silk_specter_easy,69,1,The suspicious relationship is not just that a root process exists; it is what launched it.,2
silk_specter_easy,69,2,Extract `ParentImage` for the maintenance-helper events.,5
silk_specter_easy,70,1,Trellix records a human-readable detection name describing why the parent/child relationship is suspicious.,2
silk_specter_easy,70,2,Filter Trellix events to the maintenance helper and inspect `threatName`.,5
silk_specter_easy,71,1,"Severity is a vendor assessment of importance, not proof by itself. Use it as supporting context.",2
silk_specter_easy,71,2,Filter to the helper detection and inspect `severity`.,5
silk_specter_easy,72,1,Endpoint products may log what they would have done rather than actually terminating the process.,2
silk_specter_easy,72,2,Inspect the Trellix `action` field for this detection.,5
silk_specter_easy,73,1,Count only Linux Sysmon process-create records for the maintenance helper launched by the Java process during the privilege transition.,2
silk_specter_easy,73,2,"On USHQ-WEB-02 around 15:38–15:41 UTC, filter Event ID 1 to the maintenance-helper image and Java parent, then use `stats count`.",5
silk_specter_easy,74,1,The actor uses ordinary `cat` commands to read configuration and secret-bearing files. List those command lines before deciding which path answers the question.,2
silk_specter_easy,74,2,"Search Linux Sysmon ProcessCreate records on `USHQ-WEB-02` from 15:44–15:49 UTC, extract `CommandLine`, and keep commands beginning with `cat`.",5
silk_specter_easy,75,1,The actor uses ordinary `cat` commands to read configuration and secret-bearing files. List those command lines before deciding which path answers the question.,2
silk_specter_easy,75,2,"Search Linux Sysmon ProcessCreate records on `USHQ-WEB-02` from 15:44–15:49 UTC, extract `CommandLine`, and keep commands beginning with `cat`.",5
silk_specter_easy,76,1,The actor uses ordinary `cat` commands to read configuration and secret-bearing files. List those command lines before deciding which path answers the question.,2
silk_specter_easy,76,2,"Search Linux Sysmon ProcessCreate records on `USHQ-WEB-02` from 15:44–15:49 UTC, extract `CommandLine`, and keep commands beginning with `cat`.",5
silk_specter_easy,77,1,The actor uses ordinary `cat` commands to read configuration and secret-bearing files. List those command lines before deciding which path answers the question.,2
silk_specter_easy,77,2,"Search Linux Sysmon ProcessCreate records on `USHQ-WEB-02` from 15:44–15:49 UTC, extract `CommandLine`, and keep commands beginning with `cat`.",5
silk_specter_easy,78,1,The actor uses ordinary `cat` commands to read configuration and secret-bearing files. List those command lines before deciding which path answers the question.,2
silk_specter_easy,78,2,"Search Linux Sysmon ProcessCreate records on `USHQ-WEB-02` from 15:44–15:49 UTC, extract `CommandLine`, and keep commands beginning with `cat`.",5
silk_specter_easy,79,1,The actor uses ordinary `cat` commands to read configuration and secret-bearing files. List those command lines before deciding which path answers the question.,2
silk_specter_easy,79,2,"Search Linux Sysmon ProcessCreate records on `USHQ-WEB-02` from 15:44–15:49 UTC, extract `CommandLine`, and keep commands beginning with `cat`.",5
silk_specter_easy,80,1,The actor uses ordinary `cat` commands to read configuration and secret-bearing files. List those command lines before deciding which path answers the question.,2
silk_specter_easy,80,2,"Search Linux Sysmon ProcessCreate records on `USHQ-WEB-02` from 15:44–15:49 UTC, extract `CommandLine`, and keep commands beginning with `cat`.",5
silk_specter_easy,81,1,The actor uses ordinary `cat` commands to read configuration and secret-bearing files. List those command lines before deciding which path answers the question.,2
silk_specter_easy,81,2,"Search Linux Sysmon ProcessCreate records on `USHQ-WEB-02` from 15:44–15:49 UTC, extract `CommandLine`, and keep commands beginning with `cat`.",5
silk_specter_easy,82,1,The actor uses ordinary `cat` commands to read configuration and secret-bearing files. List those command lines before deciding which path answers the question.,2
silk_specter_easy,82,2,"Search Linux Sysmon ProcessCreate records on `USHQ-WEB-02` from 15:44–15:49 UTC, extract `CommandLine`, and keep commands beginning with `cat`.",5
silk_specter_easy,83,1,The actor uses ordinary `cat` commands to read configuration and secret-bearing files. List those command lines before deciding which path answers the question.,2
silk_specter_easy,83,2,"Search Linux Sysmon ProcessCreate records on `USHQ-WEB-02` from 15:44–15:49 UTC, extract `CommandLine`, and keep commands beginning with `cat`.",5
silk_specter_easy,84,1,The actor uses ordinary `cat` commands to read configuration and secret-bearing files. List those command lines before deciding which path answers the question.,2
silk_specter_easy,84,2,"Search Linux Sysmon ProcessCreate records on `USHQ-WEB-02` from 15:44–15:49 UTC, extract `CommandLine`, and keep commands beginning with `cat`.",5
silk_specter_easy,85,1,Focus on the process-create event whose command line reads the AWS credentials file.,3
silk_specter_easy,85,2,"Search `USHQ-WEB-02` around 15:45 UTC for `cat /srv/asteron-web/.aws/credentials`, then inspect the `User` field in that Linux Sysmon record.",7
silk_specter_easy,86,1,The path created during initial access later receives repeated requests across several days.,2
silk_specter_easy,86,2,Filter HTTP requests from `23.20.77.81` after 18:00 UTC on April 6 and count by `uri`.,5
silk_specter_easy,87,1,Compare the method used for the follow-up check at 15:22 with the later recurring operator requests.,2
silk_specter_easy,87,2,Filter to the hidden path after 18:00 UTC and return `values(method)`.,5
silk_specter_easy,88,1,The later requests are handled by the normal public-portal rule rather than the anomaly rule seen during initial access.,2
silk_specter_easy,88,2,Filter WAF records to the hidden path after 18:00 UTC and inspect `action`.,5
silk_specter_easy,89,1,A consistent successful response supports the idea that the path remains usable over time.,2
silk_specter_easy,89,2,Filter the recurring path and inspect `status_code`.,5
silk_specter_easy,90,1,"Look for the Linux Sysmon process-create event that follows each recurring runtime-path request, rather than counting every process on the host.",2
silk_specter_easy,90,2,"On USHQ-WEB-02, isolate Event ID 1 records for `www-data` with command line `/usr/bin/true` during the recurring-access period, then inspect `Image`.",5
silk_specter_easy,91,1,The child process looks harmless by itself. The important clue is that the same web-service parent launches it after remote requests.,2
silk_specter_easy,91,2,Filter the Sysmon record to `Image=/usr/bin/true` and extract `ParentImage`.,5
silk_specter_easy,92,1,"Count only the later POST requests, not the original GET immediately after initial access.",2
silk_specter_easy,92,2,"Filter to source `23.20.77.81`, the hidden path, `method=POST`, and the period beginning at 18:00 UTC April 6.",5
silk_specter_easy,93,1,"The outbound sessions use TLS, so application content is not needed to identify the requested server name.",2
silk_specter_easy,93,2,Start with TLS records from the compromised web server after 16:40 UTC and look for a server name that recurs at regular intervals.,5
silk_specter_easy,94,1,TLS SNI gives the name; the same record also contains the responder/destination address.,2
silk_specter_easy,94,2,Filter to `server_name=cloud-edge.example` and inspect `id.resp_h`.,5
silk_specter_easy,95,1,Do not assume HTTPS just from the server name. Confirm the destination port in connection records.,2
silk_specter_easy,95,2,Filter the known internal source IPs to destination `23.20.77.81` and inspect `id.resp_p`.,5
silk_specter_easy,96,1,Linux Sysmon Event ID 3 is a network-connection event and includes the process image.,2
silk_specter_easy,96,2,"Search `USHQ-WEB-02` Sysmon Event ID 3 records containing `23.20.77.81`, then extract `Image`.",5
silk_specter_easy,97,1,The same Sysmon network event that identifies the process also identifies its user.,2
silk_specter_easy,97,2,Filter to the web server network events for `23.20.77.81` and extract `User`.,5
silk_specter_easy,98,1,Command-and-control (C2) here is the recurring TLS communication to the same external service from the compromised hosts.,2
silk_specter_easy,98,2,"Filter TLS records to `server_name=cloud-edge.example`, destination 23.20.77.81, and the three known compromised source IPs before counting.",5
silk_specter_easy,99,1,A beacon interval is the time between repeated connections. Sort chronologically before subtracting timestamps.,2
silk_specter_easy,99,2,"Use `streamstats current=f last(_time)` to keep the previous event time, subtract it, then average the resulting intervals.",5
silk_specter_easy,100,1,"The same destination appears first from the web server, later from the HQ application server, and finally from the Virginia engineering server.",2
silk_specter_easy,100,2,Sort the TLS records by time and deduplicate on `id.orig_h` while preserving the first occurrence of each source IP.,5
silk_specter_easy,101,1,"Before an application connects by IP, it commonly resolves the service name through DNS.",3
silk_specter_easy,101,2,Filter DNS records from `10.44.15.22` around 16:09 UTC and inspect `query`.,7
silk_specter_easy,102,1,The DNS record contains both the requested name and the answer list.,3
silk_specter_easy,102,2,Filter to `query=git.asteron.example` and inspect `answers`.,7
silk_specter_easy,103,1,Linux Sysmon Event ID 3 connects a network destination to the process that opened it.,3
silk_specter_easy,103,2,Search `USHQ-WEB-02` Event ID 3 records for destination `10.100.20.15` and extract `Image`.,7
silk_specter_easy,104,1,"GitLab audit records include `author_name`, which identifies the account that performed the action.",3
silk_specter_easy,104,2,Filter `gitlab:audit` to `event_type=repository_download` and inspect `author_name`.,7
silk_specter_easy,105,1,The audit event contains a nested `details` object. The authentication method is inside it.,3
silk_specter_easy,105,2,Use `spath` on `details.auth_method` for the repository-download event.,7
silk_specter_easy,106,1,The audit record names the project in `entity_path` and `target_details`.,3
silk_specter_easy,106,2,Filter to the repository download and inspect `entity_path`.,7
silk_specter_easy,107,1,The event type tells you what action GitLab recorded for the identity.,3
silk_specter_easy,107,2,Filter GitLab audit events to `author_name=svc-webdeploy` and inspect `event_type`.,7
silk_specter_easy,108,1,Application audit logs can record a different visible source than an internal network sensor because of proxies/NAT/service architecture.,3
silk_specter_easy,108,2,Filter to the `svc-webdeploy` GitLab event and inspect `ip_address`.,7
silk_specter_easy,109,1,Cloud investigations often start by sorting API calls chronologically for the suspicious identity and source address.,3
silk_specter_easy,109,2,"Filter CloudTrail to `svc-webdeploy` from `192.0.2.60`, sort by `_time`, and inspect the first `eventName`.",7
silk_specter_easy,110,1,"For an assumed-role session, look under `userIdentity.sessionContext.sessionIssuer` rather than guessing from the API action.",3
silk_specter_easy,110,2,Return `values(userIdentity.sessionContext.sessionIssuer.userName)` for the suspicious CloudTrail window.,7
silk_specter_easy,111,1,CloudTrail identity data includes the AWS account ID alongside the assumed-role ARN.,3
silk_specter_easy,111,2,Filter the suspicious CloudTrail events and display `userIdentity.accountId`.,7
silk_specter_easy,112,1,CloudTrail has a `sourceIPAddress` field separate from the user identity.,3
silk_specter_easy,112,2,Filter to the `svc-webdeploy` session and inspect `sourceIPAddress`.,7
silk_specter_easy,113,1,CloudTrail records the AWS region associated with each API event.,3
silk_specter_easy,113,2,Filter the suspicious window and inspect `awsRegion`.,7
silk_specter_easy,114,1,The CloudTrail `userAgent` field identifies the client/tool family used to make the API call.,3
silk_specter_easy,114,2,Filter the suspicious API window and return `values(userAgent)`.,7
silk_specter_easy,115,1,"CloudTrail responses can contain the discovered resource names, not just the API request.",3
silk_specter_easy,115,2,Filter to the suspicious `ListBuckets` event and use `spath` on `responseElements.buckets{}.name`.,7
silk_specter_easy,116,1,"For S3 `GetObject`, CloudTrail records `bucketName` and `key` in `requestParameters`.",3
silk_specter_easy,116,2,"Filter `eventName=GetObject` and `requestParameters.bucketName=asteron-web-config`, then inspect `requestParameters.key`.",7
silk_specter_easy,117,1,Use a precise time window so normal AWS activity elsewhere in the five-day dataset does not affect the count.,3
silk_specter_easy,117,2,Filter CloudTrail to source `192.0.2.60` from 16:19:00 through 16:22:48 UTC and run `| stats count`.,7
silk_specter_easy,118,1,CloudTrail `eventSource` names the AWS service that handled the API call.,3
silk_specter_easy,118,2,Filter to `eventName=ListSecrets` and inspect `eventSource`.,7
silk_specter_easy,119,1,The SSM `GetParameter` call records the requested parameter name under `requestParameters`.,3
silk_specter_easy,119,2,Filter to `eventName=GetParameter` and inspect `requestParameters.name`.,7
silk_specter_easy,120,1,There are two `GetObject` calls against the engineering bucket near the end of the burst.,3
silk_specter_easy,120,2,"Filter to `eventName=GetObject` and `requestParameters.bucketName=asteron-engineering-prod`, then return the distinct object keys.",7
silk_specter_easy,121,1,"The first Windows pivot begins with DCE/RPC traffic. In Zeek, `id.orig_h` is the initiator.",3
silk_specter_easy,121,2,"Search `bro:conn:json` around 13:44 UTC, then inspect `id.orig_h` for the initiating address and `id.resp_h`/`id.resp_p` for the destination.",7
silk_specter_easy,122,1,Correlate the network destination IP with a Windows successful logon at the same time.,3
silk_specter_easy,122,2,Search Windows Security Event 4624 for source IP `10.44.15.22` around 13:44 UTC and identify the receiving `host`.,7
silk_specter_easy,123,1,Use the destination side of the DCE/RPC connection that is followed by a logon on USHQ-APP-07.,3
silk_specter_easy,123,2,Filter the first pivot connection from `10.44.15.22`; inspect the responder address in `id.resp_h`.,7
silk_specter_easy,124,1,"DCE/RPC is a Windows remote-procedure-call protocol family. In Zeek connection records, `id.resp_p` is the destination port; read it from the pivot connection rather than relying on a memorized default.",3
silk_specter_easy,124,2,Filter the source/destination pair and inspect `id.resp_p`.,7
silk_specter_easy,125,1,Zeek DCE/RPC records can identify the endpoint/interface being contacted. WMI means Windows Management Instrumentation and has recognizable endpoint names.,3
silk_specter_easy,125,2,Filter the DCE/RPC records to the pivot pair and inspect `endpoint`.,7
silk_specter_easy,126,1,The same DCE/RPC record includes an operation name in addition to the endpoint.,3
silk_specter_easy,126,2,Filter to the pivot pair and inspect `operation`.,7
silk_specter_easy,127,1,Windows Security Event 4624 is a successful logon. Filter by the known source IP and time.,3
silk_specter_easy,127,2,"Search Event 4624 on `USHQ-APP-07` from `10.44.15.22`, then inspect `TargetUserName`.",7
silk_specter_easy,128,1,Logon Type 3 represents a network logon rather than someone signing in interactively at the keyboard.,3
silk_specter_easy,128,2,Filter the successful `svc-appdeploy` logon and inspect `LogonType`.,7
silk_specter_easy,129,1,WMI remote execution is often visible when `cmd.exe` is a child of the WMI Provider Host process.,3
silk_specter_easy,129,2,Search Sysmon Process Create events around 13:44 UTC and inspect `ParentImage`.,7
silk_specter_easy,130,1,The first command checks the identity and group/token context of the remote session.,3
silk_specter_easy,130,2,Filter Sysmon Event ID 1 on `USHQ-APP-07` to the first minute after the logon and inspect `CommandLine`.,7
silk_specter_easy,131,1,Defender AlertInfo records contain a human-readable `Title` beneath `properties`.,3
silk_specter_easy,131,2,Filter `category=AdvancedHunting-AlertInfo` on `USHQ-APP-07` around 13:45 UTC and inspect `properties.Title`.,7
silk_specter_easy,132,1,Severity is stored in the AlertInfo `properties` object.,3
silk_specter_easy,132,2,Use `spath` on `properties.Severity` for the WMI AlertInfo record.,7
silk_specter_easy,133,1,"The AlertInfo record includes an `AttackTechniques` value. This is an ATT&CK technique identifier, not an event ID.",3
silk_specter_easy,133,2,Extract `properties.AttackTechniques` from the WMI alert.,7
silk_specter_easy,134,1,Sysmon Process Create events preserve the full Windows command line. Identify what each built-in command is trying to discover.,3
silk_specter_easy,134,2,Filter `USHQ-APP-07` Sysmon Event ID 1 to the discovery period and review `CommandLine`.,7
silk_specter_easy,135,1,Sysmon Process Create events preserve the full Windows command line. Identify what each built-in command is trying to discover.,3
silk_specter_easy,135,2,Filter `USHQ-APP-07` Sysmon Event ID 1 to the discovery period and review `CommandLine`.,7
silk_specter_easy,136,1,DNS is useful for converting a hostname discovered in command output into the IP later seen in network logs.,3
silk_specter_easy,136,2,Filter the Zeek DNS records to the DC hostname and inspect `answers`.,7
silk_specter_easy,137,1,Use the DNS answer rather than inferring the address from the site subnet plan.,3
silk_specter_easy,137,2,Filter `bro:dns:json` to the `ushq-fs-03` query and inspect `answers`.,7
silk_specter_easy,138,1,This hostname is important later when the intrusion crosses into the Virginia engineering network.,3
silk_specter_easy,138,2,Filter the DNS records to `usva-eng-app-01.us.asteron.local` and inspect `answers`.,7
silk_specter_easy,139,1,Sysmon Process Create events preserve the full Windows command line. Identify what each built-in command is trying to discover.,3
silk_specter_easy,139,2,Filter `USHQ-APP-07` Sysmon Event ID 1 to the discovery period and review `CommandLine`.,7
silk_specter_easy,140,1,Sysmon Process Create events preserve the full Windows command line. Identify what each built-in command is trying to discover.,3
silk_specter_easy,140,2,Filter `USHQ-APP-07` Sysmon Event ID 1 to the discovery period and review `CommandLine`.,7
silk_specter_easy,141,1,Sysmon Process Create events preserve the full Windows command line. Identify what each built-in command is trying to discover.,3
silk_specter_easy,141,2,Filter `USHQ-APP-07` Sysmon Event ID 1 to the discovery period and review `CommandLine`.,7
silk_specter_easy,142,1,Sysmon Process Create events preserve the full Windows command line. Identify what each built-in command is trying to discover.,3
silk_specter_easy,142,2,Filter `USHQ-APP-07` Sysmon Event ID 1 to the discovery period and review `CommandLine`.,7
silk_specter_easy,143,1,Sysmon Process Create events preserve the full Windows command line. Identify what each built-in command is trying to discover.,3
silk_specter_easy,143,2,Filter `USHQ-APP-07` Sysmon Event ID 1 to the discovery period and review `CommandLine`.,7
silk_specter_easy,144,1,Sysmon Process Create events preserve the full Windows command line. Identify what each built-in command is trying to discover.,3
silk_specter_easy,144,2,Filter `USHQ-APP-07` Sysmon Event ID 1 to the discovery period and review `CommandLine`.,7
silk_specter_easy,145,1,Sysmon Process Create events preserve the full Windows command line. Identify what each built-in command is trying to discover.,3
silk_specter_easy,145,2,Filter `USHQ-APP-07` Sysmon Event ID 1 to the discovery period and review `CommandLine`.,7
silk_specter_easy,146,1,Start with Windows Security Event 4624 records on Virginia engineering systems around April 8 and look for a network logon tied to the already-compromised HQ application server.,3
silk_specter_easy,146,2,Narrow to the suspicious April 8 network logon and inspect `TargetUserName`; compare that account with the service-ticket activity on the domain controller.,7
silk_specter_easy,147,1,Windows Event 4769 records a Kerberos service-ticket request. SPN means Service Principal Name; the `ServiceName` field identifies the requested service.,3
silk_specter_easy,147,2,Filter 4769 events for `svc-engsync` and inspect `ServiceName`.,7
silk_specter_easy,148,1,WinRM means Windows Remote Management. The cross-site WinRM connection originates from the HQ application server compromised on the previous day.,3
silk_specter_easy,148,2,"Around 15:14 UTC, filter Zeek connections from the HQ application server toward `10.47.60.21` and inspect `id.orig_h`.",7
silk_specter_easy,149,1,Correlate the destination IP with the Windows successful-logon event that follows the network connection.,3
silk_specter_easy,149,2,Search Event 4624 from `10.44.30.37` on the Virginia engineering hosts and identify `host`.,7
silk_specter_easy,150,1,Use the responder/destination side of the WinRM connection.,3
silk_specter_easy,150,2,Filter the HQ application server as `id.orig_h` around 15:14 UTC and inspect `id.resp_h`; the same record also shows the destination port.,7
silk_specter_easy,151,1,Use the Zeek connection record for the cross-site source/destination pair and inspect `id.resp_p` to determine the remote-management port.,3
silk_specter_easy,151,2,Filter the cross-site source/destination pair and inspect `id.resp_p`.,7
silk_specter_easy,152,1,"The remote connection creates a network logon, not an interactive console logon.",3
silk_specter_easy,152,2,Filter the `svc-engsync` 4624 event and inspect `LogonType`.,7
silk_specter_easy,153,1,The same source/destination tuple appears in a FortiGate traffic event at HQ.,3
silk_specter_easy,153,2,Filter FortiGate records to `10.44.30.37 -> 10.47.60.21:5985` and inspect `devname`.,7
silk_specter_easy,154,1,The destination site uses a different firewall vendor. Match the same IP/port tuple in Cisco ASA logs.,3
silk_specter_easy,154,2,Search `cisco:asa` around 15:14 UTC for both endpoint addresses and identify the Splunk `host`.,7
silk_specter_easy,155,1,A site-to-site flow can be seen by sensors on both sides. Matching the Zeek `uid` helps prove it is the same connection.,3
silk_specter_easy,155,2,Filter to the exact WinRM tuple and group by `uid`; inspect the `host` values.,7
silk_specter_easy,156,1,Windows Event 4624 tells you which authentication package handled the logon.,3
silk_specter_easy,156,2,Filter the cross-site 4624 event and inspect `AuthenticationPackageName`.,7
silk_specter_easy,157,1,Look for a second Virginia destination using SMB rather than WinRM.,3
silk_specter_easy,157,2,Search successful network logons by `svc-engsync` from `10.44.30.37` and identify the file-server host.,7
silk_specter_easy,158,1,Filter connections from the compromised HQ application server to the Virginia file server and inspect the responder address. The SMB service can be identified from the connection context.,3
silk_specter_easy,158,2,Search the connection from `10.44.30.37` around 14:55 UTC and inspect `id.resp_h`; the same record shows the file-sharing port.,7
silk_specter_easy,159,1,"Use the Zeek connection record between the HQ application server and the Virginia file server, then inspect `id.resp_p`.",3
silk_specter_easy,159,2,Filter the source/destination pair and inspect `id.resp_p`.,7
silk_specter_easy,160,1,CIFS is the Kerberos service class commonly associated with SMB file sharing.,3
silk_specter_easy,160,2,Filter 4769 ticket requests for `svc-engsync` and look for the `cifs/` service targeting the Virginia file server.,7
silk_specter_easy,161,1,"The Splunk `host` value on a Zeek record identifies the Zeek sensor that produced the record; the SMB fields describe the client, server, path, and action.",3
silk_specter_easy,161,2,Filter `bro:smb_files:json` to the Engineering Operations path during 15:25–15:38 UTC and inspect the Splunk `host` field.,7
silk_specter_easy,162,1,"In Zeek, `id.orig_h` is the system that initiated the SMB connection.",3
silk_specter_easy,162,2,Filter `bro:smb_files:json` to the engineering share and return `values(id.orig_h)`.,7
silk_specter_easy,163,1,"The SMB file log has an `action` field describing whether a file was read, written, or otherwise accessed.",3
silk_specter_easy,163,2,Filter to the engineering application/file-server pair and inspect `action`.,7
silk_specter_easy,164,1,The SMB file record stores the directory/share path separately from the individual file name.,3
silk_specter_easy,164,2,Filter the collection window and inspect `path`.,7
silk_specter_easy,165,1,Sort the SMB file reads chronologically rather than alphabetically.,3
silk_specter_easy,165,2,"Filter to the 15:25–15:38 UTC collection window, sort by `_time`, and inspect the first `name`.",7
silk_specter_easy,166,1,The expanded collection sequence is a regular series of SMB file reads. This question gives you the exact event time.,3
silk_specter_easy,166,2,"Search `bro:smb_files:json` around 15:37:24 UTC for the engineering source and file server, then inspect `name`.",7
silk_specter_easy,167,1,You only need the timestamps of the two named file-read events; unrelated SMB activity should not enter the calculation.,3
silk_specter_easy,167,2,Filter to those two filenames and use `stats range(_time)` to get their separation in seconds.,7
silk_specter_easy,168,1,Staging means copying selected data into a local working directory before transfer. Look at Sysmon FileCreate destinations.,3
silk_specter_easy,168,2,Filter Sysmon Event ID 11 on `USVA-ENG-APP-01` during staging and identify the common directory prefix in `TargetFilename`.,7
silk_specter_easy,169,1,The copy commands are launched through `cmd.exe`; the parent process ties them to the engineering synchronization software.,3
silk_specter_easy,169,2,"Filter Sysmon Process Create events to `CommandLine=""cmd.exe /c copy*""` and inspect `ParentImage`.",7
silk_specter_easy,170,1,The Sysmon Process Create event records the user associated with `cmd.exe`.,3
silk_specter_easy,170,2,Filter the staging copy commands and inspect `User`.,7
silk_specter_easy,171,1,Sort file-creation events by time and look at the filename at the end of the target path.,3
silk_specter_easy,171,2,"Filter Sysmon Event ID 11 to the outbound staging directory, sort by `_time`, and inspect the first `TargetFilename`.",7
silk_specter_easy,172,1,"A single file copy can leave evidence in more than one Windows log source: process creation in Security, process creation in Sysmon, and file creation in Sysmon.",3
silk_specter_easy,172,2,"Search the staging window for `cmd.exe /c copy` and the outbound path, then group by `EventCode` and `source`.",7
silk_specter_easy,173,1,Sysmon Event ID 11 is FileCreate. Use the exact time and staging-directory path to isolate one file creation.,3
silk_specter_easy,173,2,Search USVA-ENG-APP-01 EventCode 11 around 15:57:42 UTC and inspect `TargetFilename`.,7
silk_specter_easy,174,1,Start just before the large connection from the engineering host. DNS often provides the name that explains the destination IP.,3
silk_specter_easy,174,2,Filter DNS records from `10.47.60.21` around 16:17:30 UTC and inspect `query`.,7
silk_specter_easy,175,1,The DNS record has the answer immediately before the outbound connection begins.,3
silk_specter_easy,175,2,Filter to `query=sync-update.example` and inspect `answers`.,7
silk_specter_easy,176,1,"In Zeek, `orig_bytes` is the byte count sent by the connection initiator. The engineering host is the initiator here.",3
silk_specter_easy,176,2,Filter to `10.47.60.21 -> 50.19.77.200` and sum `orig_bytes`.,7
silk_specter_easy,177,1,Sysmon Event ID 3 links a network connection to the process image that created it.,3
silk_specter_easy,177,2,Filter the engineering host's Sysmon Event ID 3 to `DestinationIp=50.19.77.200` and inspect `Image`.,7
silk_specter_easy,178,1,DLP stands for Data Loss Prevention. These records identify policy matches involving potentially sensitive files leaving the organization.,3
silk_specter_easy,178,2,Filter DLP events on `USVA-ENG-APP-01` going to `sync-update.example` and inspect `policy`.,7
silk_specter_easy,179,1,Cleanup uses `cmd.exe /c del` against files in the outbound staging directory.,3
silk_specter_easy,179,2,Search the Sysmon process-create event around 16:25:46 UTC and extract the filename from `CommandLine`.,7
silk_specter_easy,180,1,"Build a short timeline of the first compromised server, the first suspicious Windows destination, and the later Virginia engineering destination. Use both host logs and network connections.",3
silk_specter_easy,180,2,"The key pivots are: web-host evidence on April 6, a successful logon plus WMI process on April 7, and a `10.44.30.37 -> 10.47.60.21:5985` connection plus Event 4624 on April 8.",7
