Answer,Number
18.170.44.73,M001
EU\svc-fieldops,M002
3,M003
EAP-TLS,M004
UKLO-RADIUS-01,M005
UKLO-FW-01,M006
203.0.113.52,M007
10.52.50.21,M008
UKLO-JMP-01,M009
EU\adm-lchen,M010
10.52.5.87,M011
3,M012
Kerberos,M013
radius:auth;XmlWinEventLog:Security,M014
UKLO-JMP-01,M015
svc-fieldops,M016
UKLO,M017
Palo Alto,M018
443,M019
18.170.44.73;81.2.69.142,M020
whoami /groups,M021
nltest /dclist:EU.ASTERON.LOCAL,M022
"net group ""Domain Admins"" /domain",M023
route print,M024
C:\Windows\System32\WindowsPowerShell\v1.0\powershell.exe,M025
XmlWinEventLog:Microsoft-Windows-Sysmon/Operational;XmlWinEventLog:Security,M026
4688,M027
EU\svc-fieldops,M028
whoami.exe>nltest.exe>net.exe>route.exe,M029
31,M030
C:\Windows\System32\rundll32.exe,M031
comsvcs.dll,M032
684,M033
C:\ProgramData\diag\lsass.dmp,M034
EU\svc-fieldops,M035
Suspicious process accessed LSASS memory,M036
Medium,M037
T1003.001,M038
XmlWinEventLog;ms:defender:eventhub,M039
C:\Windows\System32\WindowsPowerShell\v1.0\powershell.exe,M040
UKLO-JMP-01,M041
10.52.50.21,M042
DEFR-ENG-APP-03,M043
10.54.60.23,M044
135,M045
54912,M046
IWbemLevel1Login,M047
NTLMLogin,M048
svc-engbuild,M049
NTLM,M050
3,M051
C:\Windows\System32\wbem\WmiPrvSE.exe,M052
cmd.exe /c hostname && whoami && dir \DEFR-FS-02\Engineering$,M053
Zeek;Cisco ASA;Windows,M054
DEFR-SCCM-01,M055
svc-engbuild,M056
repository_download,M057
asteron/grid-analytics,M058
personal_access_token,M059
tar.gz,M060
10.54.60.23,M061
git.asteron.example,M062
10.100.20.15,M063
18422011,M064
gitlab:audit;bro:conn:json,M065
AssumeRole,M066
GetCallerIdentity,M067
ListBuckets,M068
ListObjectsV2,M069
GetObject,M070
GetSecretValue,M071
arn:aws:iam::444455556666:role/EngineeringDataReadOnly,M072
444455556666,M073
eu-central-1,M074
aws-cli/2.17.4 Python/3.11 Linux/5.15,M075
10.54.60.23,M076
AssumeRole>GetCallerIdentity>ListBuckets>ListObjectsV2>GetObject>GetSecretValue,M077
6,M078
T1078.004;T1530,M079
relay_settings.xlsx,M080
protection_study.pdf,M081
substation_inventory.csv,M082
vpn_peer_matrix.xlsx,M083
\\DEFR-FS-02\\Engineering$\\GridModernization,M084
10.54.60.23,M085
10.54.20.32,M086
445,M087
82377114,M088
4,M089
SMB2_READ,M090
53318,M091
DEFR-ENG-APP-03,M092
bro:conn:json;bro:smb_files:json,M093
C:\Program Files\7-Zip\7z.exe,M094
C:\ProgramData\Support\eu-grid-review.7z,M095
-mx=7,M096
C:\ProgramData\Support\review\*,M097
EU\svc-engbuild,M098
C:\Windows\System32\cmd.exe,M099
11,M100
2,M101
T1560.001,M102
T1074.001,M103
1;4688,M104
eu-grid-review.7z,M105
NLAM-OPS-LNX-04,M106
SSH publickey,M107
svc-transfer,M108
EU\svc-fieldops,M109
18.170.44.73,M110
AUSY-RADIUS-01,M111
AUSY-FW-01,M112
fortigate_traffic,M113
AUSY-ENG-APP-04,M114
AUSY-FS-03,M115
robocopy.exe,M116
*.pdf;*.xlsx,M117
C:\ProgramData\Cache\AU,M118
10.54.60.23,M119
publickey,M120
55222,M121
/usr/bin/tar,M122
/var/tmp/.cache/sysdiag-20260409.tgz,M123
/srv/transfer/incoming,M124
svc-transfer,M125
/bin/bash,M126
/srv/transfer/incoming/eu-grid-review.7z,M127
/srv/transfer/incoming/au-review,M128
syslog;linux_audit,M129
1007,M130
29110,M131
28770,M132
3,M133
NLAM-OPS-LNX-04,M134
10.55.20.44,M135
34.240.118.91,M136
443,M137
objects-eu-west.examplecdn.net,M138
51182,M139
148337920,M140
9144,M141
sysdiag-20260409.tgz,M142
Engineering Sensitive - External Upload,M143
allow_with_justification,M144
medium,M145
bro:conn:json;pan:traffic;dlp:events,M146
partner-engineering.example,M147
turbine-model-export.zip,M148
linux_secure>syslog>bro:conn:json>dlp:events,M149
DEFR-ENG-APP-03,M150
"cmd.exe /c del /q ""C:\ProgramData\Support\eu-grid-review.7z"" & rmdir /s /q ""C:\ProgramData\Support\review""",M151
NLAM-OPS-LNX-04,M152
/usr/bin/rm -f /var/tmp/.cache/sysdiag-20260409.tgz,M153
T1070.004,M154
UKLO>DEFR>AUSY>NLAM,M155
Suspicious VPN Failure-to-Success Sequence,M156
medium,M157
Cross-Region WMI Administrative Pivot,M158
high,M159
Native LSASS Memory Access Corroborated,M160
high,M161
GitLab Repository Archive From Compromised Engineering Host,M162
Cloud Role Used From On-Prem Engineering Host,M163
Engineering Collection Archive Staging,M164
Multi-Region Valid Account Reuse,M165
Staged Archive Outbound Over HTTPS,M166
critical,M167
allow_with_justification,M168
Approved MFT partner upload,M169
8,M170
