Question,EndTime,BasePoints,Number,StartTime,AdditionalBonusPoints,AdditionalBonusInstructions
"After correlating UKLO RADIUS failures with the successful VPN session, which external IP is associated with the suspicious sequence?",1775865599,45,M001,1775433600,,
Which account is used in the suspicious UKLO VPN authentication sequence?,1775865599,45,M002,1775433600,,
How many failed RADIUS authentications precede the successful UKLO VPN authentication from the suspicious source?,1775865599,50,M003,1775433600,,
What authentication method is recorded on the successful suspicious UKLO VPN authentication?,1775865599,45,M004,1775433600,,
Which RADIUS server records the suspicious UKLO VPN authentication sequence?,1775865599,40,M005,1775433600,,
Which network access server is named in the suspicious UKLO RADIUS events?,1775865599,45,M006,1775433600,,
What public VPN address is contacted in the firewall event associated with the suspicious UKLO authentication?,1775865599,55,M007,1775433600,,
Which internal host IP is the UKLO VPN traffic translated toward?,1775865599,60,M008,1775433600,,
Which internal host name corresponds to the translated UKLO VPN target?,1775865599,60,M009,1775433600,,
Which legitimate administrator account provides the nearby benign UKLO VPN lookalike?,1775865599,55,M010,1775433600,,
"On the first Windows logon after the suspicious VPN session, what source IP is recorded by UKLO-JMP-01?",1775865599,55,M011,1775433600,,
What Windows logon type is used for the suspicious service-account logon to UKLO-JMP-01?,1775865599,50,M012,1775433600,,
Which authentication package is used by the suspicious logon to UKLO-JMP-01?,1775865599,50,M013,1775433600,,
Which two sources should be correlated to connect the external VPN success to the internal jump-host logon? Answer format example: value1;value2 (use semicolons; spaces are optional; order does not matter).,1775865599,55,M014,1775433600,,
What is the destination host of the first suspicious Windows logon after UKLO VPN access?,1775865599,45,M015,1775433600,,
Which service account appears both in the suspicious UKLO RADIUS success and the first internal Windows logon?,1775865599,55,M016,1775433600,,
What country/site code marks the first region involved in the Medium intrusion?,1775865599,40,M017,1775433600,,
Which firewall vendor telemetry is used to observe the first suspicious VPN session?,1775865599,50,M018,1775433600,,
What destination port is used by the suspicious external VPN firewall session?,1775865599,45,M019,1775433600,,
Which pair of external source IPs separates the suspicious UKLO VPN sequence from the nearby benign administrator VPN session? Answer format example: value1;value2 (use semicolons; spaces are optional; order does not matter).,1775865599,60,M020,1775433600,,
Which command first enumerates the group memberships of the compromised identity on UKLO-JMP-01?,1775865599,55,M021,1775433600,,
Which command queries the EU domain controller list?,1775865599,55,M022,1775433600,,
Which command enumerates Domain Admins from the domain?,1775865599,55,M023,1775433600,,
Which command prints the local routing table?,1775865599,55,M024,1775433600,,
What parent process launches the sequence of discovery commands on UKLO-JMP-01?,1775865599,60,M025,1775433600,,
Which two Windows event sources provide duplicate visibility for the discovery process executions? Answer format example: value1;value2 (use semicolons; spaces are optional; order does not matter).,1775865599,65,M026,1775433600,,
Which Windows Security EventCode corroborates the Sysmon process-creation events used for discovery?,1775865599,50,M027,1775433600,,
What user context executes the UKLO discovery sequence?,1775865599,55,M028,1775433600,,
What is the ordered sequence of discovery utilities executed on UKLO-JMP-01? Answer format example: value1>value2>value3 (use > between values; spaces are optional; order matters).,1775865599,70,M029,1775433600,,
Approximately how many seconds separate successive discovery commands in the UKLO sequence?,1775865599,70,M030,1775433600,,
Which executable is used to access LSASS memory on UKLO-JMP-01?,1775865599,60,M031,1775433600,,
Which Windows DLL is invoked by the credential-access command?,1775865599,60,M032,1775433600,,
What process ID is supplied to the MiniDump invocation?,1775865599,60,M033,1775433600,,
What dump path is specified for the LSASS memory capture?,1775865599,60,M034,1775433600,,
What user executes the credential-access process?,1775865599,60,M035,1775433600,,
What Microsoft Defender alert title corroborates the LSASS memory-access activity?,1775865599,60,M036,1775433600,,
What severity does Defender assign to the LSASS memory-access alert?,1775865599,50,M037,1775433600,,
Which MITRE ATT&CK technique does Defender associate with the LSASS alert?,1775865599,55,M038,1775433600,,
Which two sourcetypes corroborate the credential-access stage? Answer format example: value1;value2 (use semicolons; spaces are optional; order does not matter).,1775865599,65,M039,1775433600,,
What parent process launched rundll32.exe for the LSASS dump?,1775865599,60,M040,1775433600,,
What source host initiates the cross-region WMI session into Germany?,1775865599,65,M041,1775433600,,
What source IP initiates that WMI session?,1775865599,65,M042,1775433600,,
What destination host receives the WMI session?,1775865599,65,M043,1775433600,,
What destination IP receives the WMI session?,1775865599,65,M044,1775433600,,
What destination port is used to initiate WMI/DCOM?,1775865599,65,M045,1775433600,,
What source port is recorded for the WMI/DCOM session?,1775865599,65,M046,1775433600,,
Which DCE/RPC endpoint is observed by Zeek for the WMI session?,1775865599,65,M047,1775433600,,
Which DCE/RPC operation is observed for that session?,1775865599,65,M048,1775433600,,
Which account authenticates to DEFR-ENG-APP-03 after the WMI connection?,1775865599,65,M049,1775433600,,
Which authentication package is used by the DEFR Windows logon?,1775865599,65,M050,1775433600,,
What logon type is recorded on DEFR-ENG-APP-03 for the WMI-related authentication?,1775865599,65,M051,1775433600,,
Which parent process launches the remote command on DEFR-ENG-APP-03?,1775865599,65,M052,1775433600,,
What remote command is executed through WMI on DEFR-ENG-APP-03?,1775865599,65,M053,1775433600,,
Which three evidence families independently observe the UK-to-DE WMI pivot? Answer format example: value1;value2 (use semicolons; spaces are optional; order does not matter).,1775865599,75,M054,1775433600,,
Which SCCM host creates the benign WMI/admin lookalike later in the same region?,1775865599,65,M055,1775433600,,
Which user downloads a GitLab repository archive from the compromised DE engineering host?,1775865599,60,M056,1775433600,,
What GitLab action is recorded for the suspicious project access?,1775865599,60,M057,1775433600,,
Which project is downloaded?,1775865599,60,M058,1775433600,,
What authentication method is recorded for the GitLab download?,1775865599,60,M059,1775433600,,
What archive format is requested from GitLab?,1775865599,60,M060,1775433600,,
What source IP is recorded by GitLab for the repository download?,1775865599,60,M061,1775433600,,
Which TLS server name corroborates the GitLab connection?,1775865599,60,M062,1775433600,,
What destination IP is used for the GitLab TLS connection?,1775865599,60,M063,1775433600,,
Approximately how many response bytes are transferred in the GitLab Zeek connection?,1775865599,60,M064,1775433600,,
Which two sourcetypes provide the strongest direct evidence of the GitLab repository collection? Answer format example: value1;value2 (use semicolons; spaces are optional; order does not matter).,1775865599,60,M065,1775433600,,
Which AWS API action appears first in the suspicious DE-originating CloudTrail sequence?,1775865599,60,M066,1775433600,,
Which AWS API action appears at position 2 in the suspicious DE-originating CloudTrail sequence?,1775865599,60,M067,1775433600,,
Which AWS API action appears at position 3 in the suspicious DE-originating CloudTrail sequence?,1775865599,60,M068,1775433600,,
Which AWS API action appears at position 4 in the suspicious DE-originating CloudTrail sequence?,1775865599,60,M069,1775433600,,
Which AWS API action appears at position 5 in the suspicious DE-originating CloudTrail sequence?,1775865599,60,M070,1775433600,,
Which AWS API action appears at position 6 in the suspicious DE-originating CloudTrail sequence?,1775865599,60,M071,1775433600,,
What IAM role is used throughout the suspicious AWS CloudTrail sequence?,1775865599,65,M072,1775433600,,
What AWS account ID appears in the suspicious CloudTrail sequence?,1775865599,55,M073,1775433600,,
Which AWS region contains the suspicious cloud activity?,1775865599,55,M074,1775433600,,
What user agent identifies the client used for the suspicious AWS calls?,1775865599,65,M075,1775433600,,
What on-prem IP links the WMI-compromised DE host to the AWS CloudTrail activity?,1775865599,70,M076,1775433600,,
What is the ordered AWS API sequence after the role is assumed? Answer format example: value1>value2>value3 (use > between values; spaces are optional; order matters).,1775865599,80,M077,1775433600,,
How many suspicious CloudTrail events originate from the compromised DE engineering IP in this static campaign?,1775865599,65,M078,1775433600,,
Which two ATT&CK technique IDs are represented across the AWS sequence in instructor ground truth? Answer format example: value1;value2 (use semicolons; spaces are optional; order does not matter).,1775865599,75,M079,1775433600,,
Which SMB-collected file named in the DE engineering-share activity matches `relay_settings`?,1775865599,55,M080,1775433600,,
Which SMB-collected file named in the DE engineering-share activity matches `protection_study`?,1775865599,55,M081,1775433600,,
Which SMB-collected file named in the DE engineering-share activity matches `substation_inventory`?,1775865599,55,M082,1775433600,,
Which SMB-collected file named in the DE engineering-share activity matches `vpn_peer_matrix`?,1775865599,55,M083,1775433600,,
What SMB share/path contains the four suspiciously read engineering files?,1775865599,65,M084,1775433600,,
What source IP reads the engineering files over SMB?,1775865599,55,M085,1775433600,,
What destination IP serves the engineering files over SMB?,1775865599,55,M086,1775433600,,
What destination port is used for the engineering-share SMB collection?,1775865599,50,M087,1775433600,,
Approximately how many response bytes are transferred in the DE SMB collection session?,1775865599,65,M088,1775433600,,
How many distinct suspicious SMB file reads are tied to the GridModernization path?,1775865599,60,M089,1775433600,,
What SMB action is recorded for each of the four engineering files?,1775865599,55,M090,1775433600,,
What source port is used by the DE engineering host for the SMB collection session?,1775865599,60,M091,1775433600,,
Which host performed the collection and later created the first staged archive?,1775865599,70,M092,1775433600,,
Which two sourcetypes should be correlated to prove both the SMB network transfer and the individual file names? Answer format example: value1;value2 (use semicolons; spaces are optional; order does not matter).,1775865599,65,M093,1775433600,,
Which executable creates the DE staged archive?,1775865599,60,M094,1775433600,,
What archive path is created on DEFR-ENG-APP-03?,1775865599,60,M095,1775433600,,
What compression switch is used by 7-Zip?,1775865599,60,M096,1775433600,,
What source directory is archived by the 7-Zip command?,1775865599,60,M097,1775433600,,
Which user executes the 7-Zip staging command?,1775865599,60,M098,1775433600,,
What parent process launches 7z.exe?,1775865599,60,M099,1775433600,,
Which Sysmon EventCode corroborates that the archive file was actually created after the 7-Zip process?,1775865599,55,M100,1775433600,,
How many seconds after the 7-Zip process start is the archive file-create event recorded?,1775865599,65,M101,1775433600,,
Which ATT&CK technique ID describes the archive/compress action in the static campaign?,1775865599,60,M102,1775433600,,
Which ATT&CK technique ID describes the local staging/file placement represented by the created archive?,1775865599,65,M103,1775433600,,
Which two Windows Security/Sysmon EventCodes together show the 7-Zip process through both telemetry channels? Answer format example: value1;value2 (use semicolons; spaces are optional; order does not matter).,1775865599,65,M104,1775433600,,
What staged archive name later appears as an input to the Linux tar command in NLAM?,1775865599,75,M105,1775433600,,
Which host is the next staging hop after DEFR-ENG-APP-03?,1775865599,70,M106,1775433600,,
Which protocol/authentication evidence establishes the move into the NLAM staging host?,1775865599,70,M107,1775433600,,
What account is used on the NLAM Linux staging host?,1775865599,60,M108,1775433600,,
Which service account appears in the later Australia VPN access?,1775865599,65,M109,1775433600,,
Which external IP is reused for the Australia VPN access?,1775865599,65,M110,1775433600,,
Which RADIUS server records the Australia access?,1775865599,65,M111,1775433600,,
Which firewall host records the Australia VPN session?,1775865599,65,M112,1775433600,,
Which firewall sourcetype provides Australia network evidence?,1775865599,65,M113,1775433600,,
Which Australia engineering host receives the follow-on collection command?,1775865599,65,M114,1775433600,,
Which Australia file server is targeted by robocopy?,1775865599,65,M115,1775433600,,
Which utility performs the Australia file collection?,1775865599,65,M116,1775433600,,
Which file extensions are selected by the robocopy command? Answer format example: value1;value2 (use semicolons; spaces are optional; order does not matter).,1775865599,65,M117,1775433600,,
What local directory receives the Australia collection?,1775865599,65,M118,1775433600,,
What source IP connects to NLAM-OPS-LNX-04 via SSH?,1775865599,60,M119,1775433600,,
Which authentication method is accepted on the NLAM host?,1775865599,60,M120,1775433600,,
What source port is recorded in the NLAM secure-auth event?,1775865599,60,M121,1775433600,,
Which executable creates the final Linux staging archive?,1775865599,60,M122,1775433600,,
What final archive path is created on the NLAM host?,1775865599,60,M123,1775433600,,
What working directory is recorded for the tar process?,1775865599,60,M124,1775433600,,
Which user executes the tar process?,1775865599,60,M125,1775433600,,
What parent process launches the tar command?,1775865599,60,M126,1775433600,,
Which DE archive is included as input to the Linux tar command?,1775865599,60,M127,1775433600,,
Which Australia staging directory is also included in the tar command?,1775865599,60,M128,1775433600,,
Which two Linux sourcetypes corroborate execution of the tar staging command? Answer format example: value1;value2 (use semicolons; spaces are optional; order does not matter).,1775865599,70,M129,1775433600,,
What Linux UID is associated with the `svc-transfer` audit records?,1775865599,60,M130,1775433600,,
What audit PID is associated with the tar execution?,1775865599,65,M131,1775433600,,
What audit PPID is associated with the tar execution?,1775865599,65,M132,1775433600,,
"How many distinct evidence families on NLAM corroborate the SSH-to-staging transition: secure auth, auditd, and process/syslog?",1775865599,70,M133,1775433600,,
What source host performs the suspicious HTTPS exfiltration?,1775865599,65,M134,1775433600,,
What source IP performs the suspicious HTTPS exfiltration?,1775865599,65,M135,1775433600,,
What destination IP receives the suspicious HTTPS transfer?,1775865599,65,M136,1775433600,,
What destination port is used for the exfiltration?,1775865599,65,M137,1775433600,,
What TLS server name is associated with the exfiltration destination?,1775865599,65,M138,1775433600,,
What source port is used by the suspicious HTTPS session?,1775865599,65,M139,1775433600,,
How many bytes are sent outbound in the exfiltration session?,1775865599,65,M140,1775433600,,
How many response bytes are recorded for the exfiltration session?,1775865599,65,M141,1775433600,,
What staged filename does the DLP event associate with the upload?,1775865599,65,M142,1775433600,,
Which DLP policy matches the suspicious upload?,1775865599,65,M143,1775433600,,
What DLP action is recorded for the suspicious upload?,1775865599,65,M144,1775433600,,
What DLP severity is recorded for the suspicious upload?,1775865599,65,M145,1775433600,,
Which three sourcetypes directly corroborate the network/DLP aspects of the suspicious exfiltration? Answer format example: value1;value2 (use semicolons; spaces are optional; order does not matter).,1775865599,75,M146,1775433600,,
What legitimate large-transfer destination provides the benign comparison immediately before exfiltration?,1775865599,65,M147,1775433600,,
"Which benign transfer file is larger than the malicious staged archive, showing that size alone is insufficient?",1775865599,70,M148,1775433600,,
What is the ordered evidence chain from final staging to exfiltration? Answer format example: value1>value2>value3 (use > between values; spaces are optional; order matters).,1775865599,85,M149,1775433600,,
Which Windows host deletes the first staged archive during cleanup?,1775865599,65,M150,1775433600,,
What Windows command deletes the DE archive and review directory?,1775865599,65,M151,1775433600,,
Which Linux host deletes the final staged archive?,1775865599,65,M152,1775433600,,
What Linux command removes the final staging archive?,1775865599,65,M153,1775433600,,
Which ATT&CK technique ID maps to both cleanup actions?,1775865599,65,M154,1775433600,,
What is the ordered regional progression of the actor from initial access through the later staging/exfiltration path? Answer format example: value1>value2>value3 (use > between values; spaces are optional; order matters).,1775865599,90,M155,1775433600,,
Which Medium detection is intended to surface repeated UKLO VPN failures followed by a success?,1775865599,70,M156,1775433600,,
What severity is assigned by the Medium detection pack to the VPN failure-to-success finding?,1775865599,70,M157,1775433600,,
Which Medium detection targets the cross-region WMI/DCOM pivot?,1775865599,70,M158,1775433600,,
What severity is assigned to the cross-region WMI finding?,1775865599,70,M159,1775433600,,
Which Medium detection surfaces the LSASS access already seen by Defender?,1775865599,70,M160,1775433600,,
What severity is assigned to the LSASS corroboration finding?,1775865599,70,M161,1775433600,,
Which Medium detection covers the GitLab repository archive download from the DE host?,1775865599,70,M162,1775433600,,
Which Medium detection covers the burst of AWS API activity from the DE engineering IP?,1775865599,70,M163,1775433600,,
Which Medium detection surfaces deliberate archive staging with 7-Zip?,1775865599,70,M164,1775433600,,
Which Medium detection is designed to catch reuse of the same VPN identity/source across UK and Australia?,1775865599,70,M165,1775433600,,
Which Medium detection covers the final outbound transfer from NLAM?,1775865599,70,M166,1775433600,,
What severity is assigned to the final outbound HTTPS finding?,1775865599,70,M167,1775433600,,
Which DLP action prevents the DLP event from being treated as definitive blocking evidence?,1775865599,70,M168,1775433600,,
Which benign activity is expected to resemble large outbound data transfer during triage?,1775865599,70,M169,1775433600,,
How many detection SPL files are included in the Medium pack?,1775865599,70,M170,1775433600,,
