sourcetype,expected_count
XmlWinEventLog,12981
aws:cloudtrail,1399
aws:cloudwatchlogs:vpcflow,1351
aws:waf,45
bro:conn:json,9581
bro:dce_rpc:json,912
bro:dns:json,3974
bro:files:json,1
bro:http:json,2272
bro:smb_files:json,916
bro:ssl:json,3692
bro:x509:json,1
cisco:asa,1000
cisco:ios,413
dlp:events,7
fortigate_traffic,1064
gitlab:audit,195
ivanti:events,183
juniper,216
juniper:junos:firewall,121
linux_audit,7854
linux_secure,1351
mft:transfer,217
ms:defender:eventhub,948
pacs:access,1125
pan:traffic,998
print:events,193
radius,95
sccm:client,227
servicenow:audit,210
syslog,2315
tacacs,85
tenable:io:vuln,177
trellix:epo,338
vdi:session,174
wsus:client,213
